BASE_ENTREGA,CIDADE,BAIRRO,TIPO_VEICULO,VALOR
CD NVI 001,NOVA IGUAÇU,BAIRRO INEXISTENTE,CARRO,"2,80"
CD NVI 001,NOVA IGUAÇU,KM 32,CARRO,"3,70"
CD NVI 001,QUEIMADOS,BAIRRO INEXISTENTE,CARRO,"2,80"
CD NVI 001,MESQUITA,BAIRRO INEXISTENTE,CARRO,"2,80"
CD NVI 001,JAPERI,BAIRRO INEXISTENTE,CARRO,"3,00"
CD NVI 001,NOVA IGUAÇU,CABUCU,CARRO,"3,20"
CD NVI 001,NOVA IGUAÇU,AERO CLUBE,CARRO,"2,80"
CD NVI 001,NOVA IGUAÇU,ALVAREZ,CARRO,"2,80"
CD NVI 001,NOVA IGUAÇU,BELMONTE,CARRO,"2,80"
CD NVI 001,NOVA IGUAÇU,BELTERRA,CARRO,"2,80"
CD NVI 001,NOVA IGUAÇU,CALIFORNIA,CARRO,"2,80"
CD NVI 001,NOVA IGUAÇU,CAONZE,CARRO,"2,80"
CD NVI 001,NOVA IGUAÇU,CENTRO,CARRO,"2,80"
CD NVI 001,NOVA IGUAÇU,CHACRINHA,CARRO,"2,80"
CD NVI 001,NOVA IGUAÇU,CHAVASCAL,CARRO,"2,80"
CD NVI 001,NOVA IGUAÇU,COMENDADOR SOARES,CARRO,"2,80"
CD NVI 001,NOVA IGUAÇU,COMENDADOR SORES,CARRO,"2,80"
CD NVI 001,NOVA IGUAÇU,CONJUNTO RESIDENCIAL REDENCAO,CARRO,"2,80"
CD NVI 001,NOVA IGUAÇU,DA LUZ,CARRO,"2,80"
CD NVI 001,NOVA IGUAÇU,DANON,CARRO,"2,80"
CD NVI 001,NOVA IGUAÇU,DOM RODRIGO,CARRO,"2,80"
CD NVI 001,NOVA IGUAÇU,ESSOLANDIA,CARRO,"2,80"
CD NVI 001,NOVA IGUAÇU,FLORES,CARRO,"2,80"
CD NVI 001,NOVA IGUAÇU,FRATERNIDADE,CARRO,"2,80"
CD NVI 001,NOVA IGUAÇU,IMPERADOR,CARRO,"2,80"
CD NVI 001,NOVA IGUAÇU,IMPERIAL,CARRO,"2,80"
CD NVI 001,NOVA IGUAÇU,INDEPENDENCIA,CARRO,"2,80"
CD NVI 001,NOVA IGUAÇU,IOLANDA,CARRO,"2,80"
CD NVI 001,NOVA IGUAÇU,JARDIM ALVORADA,CARRO,"2,80"
CD NVI 001,NOVA IGUAÇU,JARDIM BELO HORIZONTE,CARRO,"2,80"
CD NVI 001,NOVA IGUAÇU,JARDIM CANAA,CARRO,"2,80"
CD NVI 001,NOVA IGUAÇU,JARDIM IDEAL,CARRO,"2,80"
CD NVI 001,NOVA IGUAÇU,JARDIM IGUACU,CARRO,"2,80"
CD NVI 001,NOVA IGUAÇU,JARDIM IMPERIO,CARRO,"2,80"
CD NVI 001,NOVA IGUAÇU,JARDIM JASMIM,CARRO,"2,80"
CD NVI 001,NOVA IGUAÇU,JARDIM LUMAR,CARRO,"2,80"
CD NVI 001,NOVA IGUAÇU,JARDIM NATAL,CARRO,"2,80"
CD NVI 001,NOVA IGUAÇU,JARDIM NOSSA SENHORA DAS GRACAS,CARRO,"2,80"
CD NVI 001,NOVA IGUAÇU,JARDIM NOVA ERA,CARRO,"2,80"
CD NVI 001,NOVA IGUAÇU,JARDIM PALMARES,CARRO,"2,80"
CD NVI 001,NOVA IGUAÇU,JARDIM PERNAMBUCO,CARRO,"2,80"
CD NVI 001,NOVA IGUAÇU,JARDIM PITORESCO,CARRO,"2,80"
CD NVI 001,NOVA IGUAÇU,JARDIM SAO JOAO,CARRO,"2,80"
CD NVI 001,NOVA IGUAÇU,JOANA D'ARC,CARRO,"2,80"
CD NVI 001,NOVA IGUAÇU,LAFAIETE,CARRO,"2,80"
CD NVI 001,NOVA IGUAÇU,MARCO II,CARRO,"2,80"
CD NVI 001,NOVA IGUAÇU,MARIA DA LUZ,CARRO,"2,80"
CD NVI 001,NOVA IGUAÇU,MARIA JOSE,CARRO,"2,80"
CD NVI 001,NOVA IGUAÇU,METROPOLE,CARRO,"2,80"
CD NVI 001,NOVA IGUAÇU,MOQUETA,CARRO,"2,80"
CD NVI 001,NOVA IGUAÇU,NOSSA SENHORA DAS GRACAS,CARRO,"2,80"
CD NVI 001,NOVA IGUAÇU,OURO PRETO,CARRO,"2,80"
CD NVI 001,NOVA IGUAÇU,OURO VERDE,CARRO,"2,80"
CD NVI 001,NOVA IGUAÇU,PALMEIRAS,CARRO,"2,80"
CD NVI 001,NOVA IGUAÇU,PARQUE HORIZONTE,CARRO,"2,80"
CD NVI 001,NOVA IGUAÇU,PARQUE RESIDENCIAL GUADALAJARA,CARRO,"2,80"
CD NVI 001,NOVA IGUAÇU,PARQUE RODILAR,CARRO,"2,80"
CD NVI 001,NOVA IGUAÇU,PARQUE SAO VICENTE DE PAULO,CARRO,"2,80"
CD NVI 001,NOVA IGUAÇU,PIONEIRO,CARRO,"2,80"
CD NVI 001,NOVA IGUAÇU,PRATA,CARRO,"2,80"
CD NVI 001,NOVA IGUAÇU,RANCHO ALEGRE,CARRO,"2,80"
CD NVI 001,NOVA IGUAÇU,RIACHAO,CARRO,"2,80"
CD NVI 001,NOVA IGUAÇU,ROSA DOS VENTOS,CARRO,"2,80"
CD NVI 001,NOVA IGUAÇU,SANTA CATARINA,CARRO,"2,80"
CD NVI 001,NOVA IGUAÇU,SANTA EUFENIA,CARRO,"2,80"
CD NVI 001,NOVA IGUAÇU,SANTA EUGENIA,CARRO,"2,80"
CD NVI 001,NOVA IGUAÇU,SANTA LUCIA,CARRO,"2,80"
CD NVI 001,NOVA IGUAÇU,SANTOS NEVES,CARRO,"2,80"
CD NVI 001,NOVA IGUAÇU,SAO FRANCISCO XAVIER,CARRO,"2,80"
CD NVI 001,NOVA IGUAÇU,SAO GERALDO,CARRO,"2,80"
CD NVI 001,NOVA IGUAÇU,SAO JOSE,CARRO,"2,80"
CD NVI 001,NOVA IGUAÇU,VILA AVELINA,CARRO,"2,80"
CD NVI 001,NOVA IGUAÇU,VILA BANDEIRANTES,CARRO,"2,80"
CD NVI 001,NOVA IGUAÇU,VILA BORGES,CARRO,"2,80"
CD NVI 001,NOVA IGUAÇU,VILA FATIMA,CARRO,"2,80"
CD NVI 001,NOVA IGUAÇU,VILA MARPIZA,CARRO,"2,80"
CD NVI 001,NOVA IGUAÇU,VILA MARTINS,CARRO,"2,80"
CD NVI 001,NOVA IGUAÇU,VILA NOVA,CARRO,"2,80"
CD NVI 001,NOVA IGUAÇU,VILA SACRA FAMILIA,CARRO,"2,80"
CD NVI 001,NOVA IGUAÇU,VILA SAO DOMINGOS,CARRO,"2,80"
CD NVI 001,NOVA IGUAÇU,VILA SAO JORGE,CARRO,"2,80"
CD NVI 001,NOVA IGUAÇU,VILA ZULMIRA,CARRO,"2,80"
CD NVI 001,NOVA IGUAÇU,VISTA ALEGRE,CARRO,"2,80"
CD NVI 001,NOVA IGUAÇU,AUSTIN,CARRO,"2,80"
CD NVI 001,NOVA IGUAÇU,CACUIA,CARRO,"2,80"
CD NVI 001,NOVA IGUAÇU,CARLOS SAMPAIO,CARRO,"2,80"
CD NVI 001,NOVA IGUAÇU,INCONFIDENCIA,CARRO,"2,80"
CD NVI 001,NOVA IGUAÇU,RODILANDIA,CARRO,"2,80"
CD NVI 001,NOVA IGUAÇU,TINGUAZINHO,CARRO,"2,80"
CD NVI 001,NOVA IGUAÇU,VILA GAUCHA,CARRO,"3,00"
CD NVI 001,NOVA IGUAÇU,MIGUEL COUTO,CARRO,"3,00"
CD NVI 001,NOVA IGUAÇU,GENECIANO,CARRO,"3,00"
CD NVI 001,NOVA IGUAÇU,GRAMA,CARRO,"3,00"
CD NVI 001,NOVA IGUAÇU,BOA ESPERANCA,CARRO,"3,00"
CD NVI 001,NOVA IGUAÇU,PARQUE MARIA DA FONTE,CARRO,"3,00"
CD NVI 001,NOVA IGUAÇU,VILA GUIMARAES,CARRO,"2,80"
CD SJT 001,SÃO JOÃO DE MERITI,BAIRRO INEXISTENTE,CARRO,"3,00"
CD SJT 001,BELFORD ROXO,BAIRRO INEXISTENTE,CARRO,"3,00"
CD SJT 001,MESQUITA,BAIRRO INEXISTENTE,CARRO,"3,00"
CD SJT 001,NILÓPOLIS,BAIRRO INEXISTENTE,CARRO,"2,80"
CD SJT 001,RIO DE JANEIRO,BAIRRO INEXISTENTE,CARRO,"3,00"
CD DQC 002,MAGÉ,BAIRRO INEXISTENTE,CARRO,"3,20"
CD DQC 002,DUQUE DE CAXIAS,BAIRRO INEXISTENTE,CARRO,"3,00"
CD DQC 002,DUQUE DE CAXIAS,XEREM,CARRO,"2,80"
CD DQC 002,DUQUE DE CAXIAS,TAQUARA,CARRO,"2,80"
CD DQC 001,DUQUE DE CAXIAS,BAIRRO INEXISTENTE,CARRO,"3,00"
CD DQC 001,DUQUE DE CAXIAS,VILA LEOPOLDINA,CARRO,"2,80"
CD AST 001,QUEIMADOS,BAIRRO INEXISTENTE,CARRO,"2,80"
CD AST 001,NOVA IGUAÇU,AUSTIN,CARRO,"2,80"
CD AST 001,JAPERI,BAIRRO INEXISTENTE,CARRO,"3,00"
CD SGC 001,SÃO GONÇALO,BAIRRO INEXISTENTE,CARRO,"3,00"
CD SGC 001,MARICÁ,BAIRRO INEXISTENTE,CARRO,"3,20"
CD SGC 002,NITERÓI,BAIRRO INEXISTENTE,CARRO,"2,80"
CD ITB 001,ITABORAÍ,BAIRRO INEXISTENTE,CARRO,"2,80"
CD ITB 001,SILVA JARDIM,BAIRRO INEXISTENTE,CARRO,"3,30"
CD ITB 001,RIO BONITO,BAIRRO INEXISTENTE,CARRO,"3,00"
CD ITB 001,TANGUÁ,BAIRRO INEXISTENTE,CARRO,"3,00"
CD ITB 001,MAGÉ,BAIRRO INEXISTENTE,CARRO,"3,00"
CD ITB 001,GUAPIMIRIM,BAIRRO INEXISTENTE,CARRO,"3,00"
CD RIO 002,RIO DE JANEIRO,BAIRRO INEXISTENTE,CARRO,"2,80"
CD RIO 003,RIO DE JANEIRO,BAIRRO INEXISTENTE,CARRO,"3,00"
CD RIO 003,RIO DE JANEIRO,SAO CONRADO,CARRO,"2,80"
CD RIO 003,RIO DE JANEIRO,ROCINHA,CARRO,"2,80"
CD RIO 003,RIO DE JANEIRO,GAVEA,CARRO,"2,80"
CD RIO 003,RIO DE JANEIRO,CENTRO,CARRO,"2,80"
CD RIO 003,RIO DE JANEIRO,PAQUETA,CARRO,"4,00"
CD RIO 003,RIO DE JANEIRO,BOTAFOGO,CARRO,"2,80"
CD RIO 003,RIO DE JANEIRO,URCA,CARRO,"2,80"
CD RIO 003,RIO DE JANEIRO,HUMAITA,CARRO,"2,80"
CD RIO 003,RIO DE JANEIRO,COPACABANA,CARRO,"2,80"
CD RIO 003,RIO DE JANEIRO,LEME,CARRO,"2,80"
CD RIO 003,RIO DE JANEIRO,LEBLON,CARRO,"2,80"
CD RIO 003,RIO DE JANEIRO,LAGOA,CARRO,"2,80"
CD RIO 003,RIO DE JANEIRO,JARDIM BOTANICO,CARRO,"2,80"
CD RIO 003,RIO DE JANEIRO,LARANJEIRAS,CARRO,"2,80"
CD RIO 003,RIO DE JANEIRO,FLAMENGO,CARRO,"2,80"
CD RIO 003,RIO DE JANEIRO,VIDIGAL,CARRO,"2,80"
CD RIO 003,RIO DE JANEIRO,SAO CRISTOVAO,CARRO,"2,80"
CD RIO 003,RIO DE JANEIRO,CATETE,CARRO,"2,80"
CD RIO 003,RIO DE JANEIRO,TIJUCA,CARRO,"2,80"
CD RIO 003,RIO DE JANEIRO,MARACANA,CARRO,"2,80"
CD RIO 003,RIO DE JANEIRO,IPANEMA,CARRO,"2,80"
CD RIO 003,RIO DE JANEIRO,SAMPAIO,CARRO,"2,80"
CD RIO 003,RIO DE JANEIRO,RIACHUELO,CARRO,"2,80"
CD RIO 003,RIO DE JANEIRO,ROCHA,CARRO,"2,80"
CD RIO 003,RIO DE JANEIRO,ENGENHO NOVO,CARRO,"2,80"
CD RIO 003,RIO DE JANEIRO,SAO FRANCISCO XAVIER,CARRO,"2,80"
CD RIO 003,RIO DE JANEIRO,COSME VELHO,CARRO,"2,80"
CD RIO 003,RIO DE JANEIRO,GLORIA,CARRO,"2,80"
CD RIO 003,RIO DE JANEIRO,PRACA DA BANDEIRA,CARRO,"2,80"
CD RIO 009,RIO DE JANEIRO,BAIRRO INEXISTENTE,CARRO,"3,00"
CD RIO 009,RIO DE JANEIRO,PAQUETA,CARRO,"4,00"
CD RIO 010,RIO DE JANEIRO,BAIRRO INEXISTENTE,CARRO,"2,80"
CD RIO 008,RIO DE JANEIRO,BAIRRO INEXISTENTE,CARRO,"2,60"
CD RIO 008,RIO DE JANEIRO,CASCADURA,CARRO,"3,00"
CD RIO 008,RIO DE JANEIRO,MEIER,CARRO,"2,80"
CD RIO 008,RIO DE JANEIRO,ENGENHO NOVO,CARRO,"2,80"
CD RIO 008,RIO DE JANEIRO,LINS DE VASCONCELOS,CARRO,"2,80"
CD RIO 008,RIO DE JANEIRO,TODOS OS SANTOS,CARRO,"2,70"
CD RIO 008,RIO DE JANEIRO,QUINTINO BOCAIUVA,CARRO,"3,00"
CD RIO 008,RIO DE JANEIRO,TOMAS COELHO,CARRO,"3,00"
CD RIO 008,RIO DE JANEIRO,ENGENHEIRO LEAL,CARRO,"3,00"
CD RIO 008,RIO DE JANEIRO,CAVALCANTI,CARRO,"3,00"
CD RIO 008,RIO DE JANEIRO,ENCANTADO,CARRO,"3,00"
CD RIO 008,RIO DE JANEIRO,PIEDADE,CARRO,"3,00"
CD RIO 008,RIO DE JANEIRO,AGUA SANTA,CARRO,"3,00"
CD RIO 008,RIO DE JANEIRO,ENGENHO DE DENTRO,CARRO,"2,70"
CD RIO 008,RIO DE JANEIRO,ABOLICAO,CARRO,"3,00"
CD RIO 008,RIO DE JANEIRO,PILARES,CARRO,"3,00"
CD RIO 001,RIO DE JANEIRO,BAIRRO INEXISTENTE,CARRO,"2,60"
CD RIO 001,RIO DE JANEIRO,FREGUESIA (JACAREPAGUA),CARRO,"2,60"
CD RIO 001,RIO DE JANEIRO,PECHINCHA,CARRO,"2,60"
CD RIO 001,RIO DE JANEIRO,TAQUARA,CARRO,"2,60"
CD RIO 001,RIO DE JANEIRO,CURICICA,CARRO,"2,60"
CD RIO 001,RIO DE JANEIRO,ANIL,CARRO,"2,60"
CD RIO 001,RIO DE JANEIRO,GARDENIA AZUL,CARRO,"2,60"
CD RIO 001,RIO DE JANEIRO,ITANHANGA,CARRO,"2,80"
CD RIO 001,RIO DE JANEIRO,CIDADE DE DEUS,CARRO,"2,80"
CD RIO 004,RIO DE JANEIRO,BAIRRO INEXISTENTE,CARRO,"3,00"
CD RIO 004,RIO DE JANEIRO,GUARATIBA,CARRO,"3,00"
CD RIO 004,RIO DE JANEIRO,PEDRA DE GUARATIBA,CARRO,"3,00"
CD RIO 004,RIO DE JANEIRO,BARRA DE GUARATIBA,CARRO,"3,00"
CD RIO 004,RIO DE JANEIRO,ILHA DE GUARATIBA,CARRO,"3,00"
CD RIO 004,RIO DE JANEIRO,CAMPO GRANDE,CARRO,"2,80"
CD RIO 004,RIO DE JANEIRO,BANGU,CARRO,"2,80"
CD RIO 004,ITAGUAÍ,BAIRRO INEXISTENTE,CARRO,"3,00"
CD RIO 004,SEROPÉDICA,BAIRRO INEXISTENTE,CARRO,"3,00"
CD RIO 005,RIO DE JANEIRO,BAIRRO INEXISTENTE,CARRO,"3,00"
CD RIO 005,RIO DE JANEIRO,TURIACU,CARRO,"2,60"
CD RIO 005,RIO DE JANEIRO,HONORIO GURGEL,CARRO,"2,60"
CD RIO 005,RIO DE JANEIRO,MARECHAL HERMES,CARRO,"2,60"
CD RIO 005,RIO DE JANEIRO,BENTO RIBEIRO,CARRO,"2,60"
CD RIO 005,RIO DE JANEIRO,CAMPINHO,CARRO,"2,60"
CD RIO 005,RIO DE JANEIRO,PRACA SECA,CARRO,"2,60"
CD RIO 005,RIO DE JANEIRO,ACARI,CARRO,"2,80"
CD RIO 005,RIO DE JANEIRO,REALENGO,CARRO,"3,00"
CD RIO 006,RIO DE JANEIRO,BAIRRO INEXISTENTE,CARRO,"3,00"
CD RIO 006,RIO DE JANEIRO,SANTA CRUZ,CARRO,"2,80"
CD RIO 006,RIO DE JANEIRO,SEPETIBA,CARRO,"3,00"
CD RIO 006,SEROPÉDICA,BAIRRO INEXISTENTE,CARRO,"3,00"
CD RIO 006,ITAGUAÍ,BAIRRO INEXISTENTE,CARRO,"3,00"
CD RIO 006,RIO DE JANEIRO,CAMPO GRANDE,CARRO,"2,80"
CD RIO 007,RIO DE JANEIRO,BAIRRO INEXISTENTE,CARRO,"2,60"
CD RIO 007,RIO DE JANEIRO,BARRA DA TIJUCA,CARRO,"2,60"
CD RIO 007,RIO DE JANEIRO,RECREIO DOS BANDEIRANTES,CARRO,"2,60"
CD RIO 007,RIO DE JANEIRO,VARGEM GRANDE,CARRO,"2,60"
CD RIO 007,RIO DE JANEIRO,VARGEM PEQUENA,CARRO,"2,60"
CD RIO 007,RIO DE JANEIRO,CAMORIM,CARRO,"2,60"
CD RIO 007,RIO DE JANEIRO,BARRA DE GUARATIBA,CARRO,"2,60"
CD RIO 007,SEROPÉDICA,BAIRRO INEXISTENTE,CARRO,"3,00"
CD RIO 007,ITAGUAÍ,BAIRRO INEXISTENTE,CARRO,"3,00"
CD VTR 001,VOLTA REDONDA,BAIRRO INEXISTENTE,CARRO,"2,80"
CD VTR 001,BARRA MANSA,BAIRRO INEXISTENTE,CARRO,"2,80"
CD VTR 001,PORTO REAL,BAIRRO INEXISTENTE,CARRO,"3,00"
CD VTR 001,QUATIS,BAIRRO INEXISTENTE,CARRO,"3,00"
CD VTR 001,PINHEIRAL,BAIRRO INEXISTENTE,CARRO,"2,80"
CD VTR 001,RIO CLARO,BAIRRO INEXISTENTE,CARRO,"3,30"
CD VTR 001,BARRA DO PIRAÍ,BAIRRO INEXISTENTE,CARRO,"3,00"
CD BPR 001,BARRA DO PIRAÍ,BAIRRO INEXISTENTE,CARRO,"2,60"
CD BPR 001,VALENÇA,BAIRRO INEXISTENTE,CARRO,"2,70"
CD BPR 001,RIO DAS FLORES,BAIRRO INEXISTENTE,CARRO,"2,70"
CD BPR 001,PIRAÍ,BAIRRO INEXISTENTE,CARRO,"2,70"
CD BPR 001,VASSOURAS,BAIRRO INEXISTENTE,CARRO,"2,70"
CD BPR 001,MIGUEL PEREIRA,BAIRRO INEXISTENTE,CARRO,"3,20"
CD BPR 001,ENGENHEIRO PAULO DE FRONTIN,BAIRRO INEXISTENTE,CARRO,"2,70"
CD BPR 001,PARACAMBI,BAIRRO INEXISTENTE,CARRO,"2,70"
CD BPR 001,PATY DO ALFERES,BAIRRO INEXISTENTE,CARRO,"2,70"
CD BPR 001,MENDES,BAIRRO INEXISTENTE,CARRO,"2,70"
CD ADR 001,ANGRA DOS REIS,BAIRRO INEXISTENTE,CARRO,"3,20"
CD ADR 001,ANGRA DOS REIS,PARQUE MAMBUCABA (MAMBUCABA),CARRO,"3,20"
CD ADR 001,ANGRA DOS REIS,PRAIA BRAVA (MAMBUCABA),CARRO,"3,20"
CD ADR 001,ANGRA DOS REIS,PARQUE PEREQUE (MAMBUCABA),CARRO,"3,20"
CD ADR 001,ANGRA DOS REIS,MORRO DA BOA VISTA (MAMBUCABA),CARRO,"3,20"
CD ADR 001,ANGRA DOS REIS,VILA HISTORICA DE MAMBUCABA (MAMBUCABA),CARRO,"3,20"
CD ADR 001,ANGRA DOS REIS,PRAIA VERMELHA (MAMBUCABA),CARRO,"3,20"
CD ADR 001,MANGARATIBA,BAIRRO INEXISTENTE,CARRO,"3,50"
CD ADR 001,PARATY,BAIRRO INEXISTENTE,CARRO,"3,20"
CD RSD 001,RESENDE,BAIRRO INEXISTENTE,CARRO,"2,60"
CD RSD 001,ITATIAIA,BAIRRO INEXISTENTE,CARRO,"2,80"
CD NVF 001,NOVA FRIBURGO,BAIRRO INEXISTENTE,CARRO,"3,00"
CD NVF 001,BOM JARDIM,BAIRRO INEXISTENTE,CARRO,"3,30"
CD NVF 001,CARMO,BAIRRO INEXISTENTE,CARRO,"3,40"
CD NVF 001,SUMIDOURO,BAIRRO INEXISTENTE,CARRO,"3,40"
CD NVF 001,DUAS BARRAS,BAIRRO INEXISTENTE,CARRO,"3,60"
CD NVF 001,CACHOEIRAS DE MACACU,BAIRRO INEXISTENTE,CARRO,"2,80"
CD PTL 001,PETRÓPOLIS,QUITANDINHA,CARRO,"2,70"
CD PTL 001,PETRÓPOLIS,VALPARAISO,CARRO,"2,70"
CD PTL 001,PETRÓPOLIS,ALTO DA SERRA,CARRO,"2,70"
CD PTL 001,PETRÓPOLIS,CENTRO,CARRO,"2,70"
CD PTL 001,PETRÓPOLIS,BINGEN,CARRO,"2,70"
CD PTL 001,PETRÓPOLIS,MOSELA,CARRO,"2,70"
CD PTL 001,PETRÓPOLIS,RETIRO,CARRO,"2,70"
CD PTL 001,PETRÓPOLIS,ITAMARATI,CARRO,"2,70"
CD PTL 001,PETRÓPOLIS,CASCATINHA,CARRO,"2,70"
CD PTL 001,PETRÓPOLIS,CORREAS,CARRO,"2,70"
CD PTL 001,PETRÓPOLIS,NOGUEIRA,CARRO,"2,70"
CD PTL 001,PETRÓPOLIS,ARARAS,CARRO,"2,80"
CD PTL 001,PETRÓPOLIS,ITAIPAVA,CARRO,"3,10"
CD PTL 001,PETRÓPOLIS,POSSE,CARRO,"3,20"
CD PTL 001,PETRÓPOLIS,PEDRO DO RIO,CARRO,"3,20"
CD PTL 001,AREAL,BAIRRO INEXISTENTE,CARRO,"3,20"
CD TRS 001,TERESÓPOLIS,BAIRRO INEXISTENTE,CARRO,"2,80"
CD TRS 001,TERESÓPOLIS,INTERIOR,CARRO,"2,80"
CD TRS 001,TERESÓPOLIS,AGUA QUENTE,CARRO,"3,00"
CD TRS 001,TERESÓPOLIS,ALBUQUERQUE,CARRO,"2,80"
CD TRS 001,TERESÓPOLIS,ANDRADAS,CARRO,"3,00"
CD TRS 001,TERESÓPOLIS,BIQUINHA,CARRO,"3,00"
CD TRS 001,TERESÓPOLIS,BONSUCESSO,CARRO,"2,80"
CD TRS 001,TERESÓPOLIS,CAMPANHA,CARRO,"2,80"
CD TRS 001,TERESÓPOLIS,CAMPO LIMPO,CARRO,"3,00"
CD TRS 001,TERESÓPOLIS,COLONIA ALPINA,CARRO,"3,00"
CD TRS 001,TERESÓPOLIS,CORREGO DAS PEDRAS,CARRO,"2,80"
CD TRS 001,TERESÓPOLIS,CORREGO SUJO,CARRO,"2,80"
CD TRS 001,TERESÓPOLIS,CRUZEIRO,CARRO,"3,00"
CD TRS 001,TERESÓPOLIS,FAZENDA ALPINA,CARRO,"3,00"
CD TRS 001,TERESÓPOLIS,FAZENDA BOA FE,CARRO,"2,80"
CD TRS 001,TERESÓPOLIS,FAZENDA SUICA,CARRO,"3,00"
CD TRS 001,TERESÓPOLIS,FISCHER,CARRO,"3,00"
CD TRS 001,TERESÓPOLIS,GRANJA MAFRA,CARRO,"3,00"
CD TRS 001,TERESÓPOLIS,GREEN VALLEIY,CARRO,"2,80"
CD TRS 001,TERESÓPOLIS,IMBIU,CARRO,"2,80"
CD TRS 001,TERESÓPOLIS,MOTAS,CARRO,"2,80"
CD TRS 001,TERESÓPOLIS,NHUNGUACU,CARRO,"2,80"
CD TRS 001,TERESÓPOLIS,PARQUE BOA UNIAO,CARRO,"2,80"
CD TRS 001,TERESÓPOLIS,PESSEGUEIROS,CARRO,"3,00"
CD TRS 001,TERESÓPOLIS,PONTE NOVA,CARRO,"3,00"
CD TRS 001,TERESÓPOLIS,PRATA DOS AREDES,CARRO,"2,80"
CD TRS 001,TERESÓPOLIS,PROVIDENCIA,CARRO,"3,00"
CD TRS 001,TERESÓPOLIS,PRATES,CARRO,"3,00"
CD TRS 001,TERESÓPOLIS,SANTA ROSA,CARRO,"2,80"
CD TRS 001,TERESÓPOLIS,SEBASTIANA,CARRO,"2,80"
CD TRS 001,TERESÓPOLIS,SERRA DO CAPIM,CARRO,"3,00"
CD TRS 001,TERESÓPOLIS,SERRA DO PALMITAL,CARRO,"2,80"
CD TRS 001,TERESÓPOLIS,SERRINHA,CARRO,"2,80"
CD TRS 001,TERESÓPOLIS,TRES CORREGOS,CARRO,"3,00"
CD TRS 001,TERESÓPOLIS,VALE FELIZ,CARRO,"2,80"
CD TRS 001,TERESÓPOLIS,VALE DO IMBUI,CARRO,"2,80"
CD TRS 001,TERESÓPOLIS,VARGEM GRANDE,CARRO,"2,80"
CD TRS 001,TERESÓPOLIS,VENDA NOVA,CARRO,"2,80"
CD TRS 001,TERESÓPOLIS,VIEIRA,CARRO,"2,80"
CD TRS 001,TERESÓPOLIS,VISTA ALEGRE,CARRO,"2,80"
CD TRS 001,TERESÓPOLIS,XOTO,CARRO,"2,80"
CD TRS 001,SÃO JOSÉ DO VALE DO RIO PRETO,BAIRRO INEXISTENTE,CARRO,"3,20"
CD TRS 001,SAPUCAIA,BAIRRO INEXISTENTE,CARRO,"3,30"
CD TRS 001,TERESÓPOLIS,AGRIOES,CARRO,"2,80"
CD TRS 001,TERESÓPOLIS,ALTO,CARRO,"2,80"
CD TRS 001,TERESÓPOLIS,ARARAS,CARRO,"2,80"
CD TRS 001,TERESÓPOLIS,ARTISTAS,CARRO,"2,80"
CD TRS 001,TERESÓPOLIS,BARRA DO IMBUI,CARRO,"2,80"
CD TRS 001,TERESÓPOLIS,BARROSO,CARRO,"2,80"
CD TRS 001,TERESÓPOLIS,BAIRRO DOS FUNCIONÁRIOS,CARRO,"2,80"
CD TRS 001,TERESÓPOLIS,BOM RETIRO,CARRO,"2,80"
CD TRS 001,TERESÓPOLIS,CALEME,CARRO,"2,80"
CD TRS 001,TERESÓPOLIS,CARLOS GUINLE,CARRO,"2,80"
CD TRS 001,TERESÓPOLIS,CASCATA DO IMBUI,CARRO,"2,80"
CD TRS 001,TERESÓPOLIS,CASCATA DOS AMORES,CARRO,"2,80"
CD TRS 001,TERESÓPOLIS,CAXANGA,CARRO,"2,80"
CD TRS 001,TERESÓPOLIS,CASCATA GUARANI,CARRO,"2,80"
CD TRS 001,TERESÓPOLIS,CORTA VENTO,CARRO,"2,80"
CD TRS 001,TERESÓPOLIS,ERMITAGE,CARRO,"2,80"
CD TRS 001,TERESÓPOLIS,FAZENDA ERMITAGE,CARRO,"2,80"
CD TRS 001,TERESÓPOLIS,FAZENDINHA,CARRO,"2,80"
CD TRS 001,TERESÓPOLIS,FONTE SANTA,CARRO,"2,80"
CD TRS 001,TERESÓPOLIS,GOLFE,CARRO,"2,80"
CD TRS 001,TERESÓPOLIS,GRANJA FLORESTAL,CARRO,"2,80"
CD TRS 001,TERESÓPOLIS,GRANJA GUARANI,CARRO,"2,80"
CD TRS 001,TERESÓPOLIS,IUCAS,CARRO,"2,80"
CD TRS 001,TERESÓPOLIS,JARDIM CASCATA,CARRO,"2,80"
CD TRS 001,TERESÓPOLIS,JARDIM EUROPA,CARRO,"2,80"
CD TRS 001,TERESÓPOLIS,JARDIM MEUDON,CARRO,"2,80"
CD TRS 001,TERESÓPOLIS,MORRO  DOS PINHEIROS,CARRO,"2,80"
CD TRS 001,TERESÓPOLIS,JARDIM SALACO,CARRO,"2,80"
CD TRS 001,TERESÓPOLIS,MEUDON,CARRO,"2,80"
CD TRS 001,TERESÓPOLIS,NOSSA SENHORA DE FATIMA,CARRO,"2,80"
CD TRS 001,TERESÓPOLIS,PAINEIRA,CARRO,"2,80"
CD TRS 001,TERESÓPOLIS,PANORAMA,CARRO,"2,80"
CD TRS 001,TERESÓPOLIS,PARQUE DO IMBUI,CARRO,"2,80"
CD TRS 001,TERESÓPOLIS,PARQUE DO INGA,CARRO,"2,80"
CD TRS 001,TERESÓPOLIS,PARQUE SAO LUIZ,CARRO,"2,80"
CD TRS 001,TERESÓPOLIS,PIMENTEIRAS,CARRO,"2,80"
CD TRS 001,TERESÓPOLIS,POSSE,CARRO,"2,80"
CD TRS 001,TERESÓPOLIS,PRATA,CARRO,"2,80"
CD TRS 001,TERESÓPOLIS,QUEBRA FRASCOS,CARRO,"2,80"
CD TRS 001,TERESÓPOLIS,QUINTA DA BARRA,CARRO,"2,80"
CD TRS 001,TERESÓPOLIS,QUINTA LEBRAO,CARRO,"2,80"
CD TRS 001,TERESÓPOLIS,SANTA CECILIA,CARRO,"2,80"
CD TRS 001,TERESÓPOLIS,SAO PEDRO,CARRO,"2,80"
CD TRS 001,TERESÓPOLIS,SOBERBO,CARRO,"2,80"
CD TRS 001,TERESÓPOLIS,TAUMATURGO,CARRO,"2,80"
CD TRS 001,TERESÓPOLIS,TIJUCA,CARRO,"2,80"
CD TRS 001,TERESÓPOLIS,VALE DO PARAISO,CARRO,"2,80"
CD TRS 001,TERESÓPOLIS,VARZEA,CARRO,"2,80"
CD TRS 001,TERESÓPOLIS,VILA MUQUI,CARRO,"2,80"
CD TRS 001,GUAPIMIRIM,BAIRRO INEXISTENTE,CARRO,"2,50"
CD TRS 001,MAGÉ,BAIRRO INEXISTENTE,CARRO,"2,50"
CD CRD 001,CANTAGALO,BAIRRO INEXISTENTE,CARRO,"2,50"
CD CRD 001,CORDEIRO,BAIRRO INEXISTENTE,CARRO,"2,50"
CD CRD 001,MACUCO,BAIRRO INEXISTENTE,CARRO,"2,70"
CD CRD 001,SÃO SEBASTIÃO DO ALTO,BAIRRO INEXISTENTE,CARRO,"2,70"
CD CRD 001,TRAJANO DE MORAES,BAIRRO INEXISTENTE,CARRO,"3,20"
CD CRD 001,SANTA MARIA MADALENA,BAIRRO INEXISTENTE,CARRO,"3,20"
CD TRI 001,TRÊS RIOS,BAIRRO INEXISTENTE,CARRO,"2,70"
CD TRI 001,COMENDADOR LEVY GASPARIAN,BAIRRO INEXISTENTE,CARRO,"2,80"
CD TRI 001,PARAÍBA DO SUL,BAIRRO INEXISTENTE,CARRO,"2,90"
CD CFB 001,TAMOIOS,BAIRRO INEXISTENTE,CARRO,"2,80"
CD CFB 001,UNAMAR,BAIRRO INEXISTENTE,CARRO,"2,80"
CD CFB 001,CABO FRIO,BAIRRO INEXISTENTE,CARRO,"3,00"
CD CFB 001,SÃO PEDRO DA ALDEIA,BAIRRO INEXISTENTE,CARRO,"3,00"
CD CFB 001,RIO DAS OSTRAS,BAIRRO INEXISTENTE,CARRO,"3,00"
CD CFB 001,BÚZIOS,BAIRRO INEXISTENTE,CARRO,"3,00"
CD CFB 001,ARMAÇÃO DOS BÚZIOS,BAIRRO INEXISTENTE,CARRO,"3,00"
CD CFB 001,CASIMIRO DE ABREU,BAIRRO INEXISTENTE,CARRO,"2,50"
CD CPG 001,SÃO FRANCISCO DE ITABAPOANA,BAIRRO INEXISTENTE,CARRO,"3,60"
CD CPG 001,SÃO JOÃO DA BARRA,BAIRRO INEXISTENTE,CARRO,"3,60"
CD CPG 001,CAMPOS DOS GOYTACAZES,BAIRRO INEXISTENTE,CARRO,"2,80"
CD IPE 001,APERIBÉ,BAIRRO INEXISTENTE,CARRO,"2,80"
CD IPE 001,ITAOCARA,BAIRRO INEXISTENTE,CARRO,"2,80"
CD IPE 001,SANTO ANTÔNIO DE PÁDUA,BAIRRO INEXISTENTE,CARRO,"2,80"
CD IPE 001,CAMBUCI,BAIRRO INEXISTENTE,CARRO,"3,00"
CD IPE 001,SÃO FIDÉLIS,BAIRRO INEXISTENTE,CARRO,"2,80"
CD IPE 001,LAJE DO MURIAÉ,BAIRRO INEXISTENTE,CARRO,"2,80"
CD IPE 001,ITAPERUNA,BAIRRO INEXISTENTE,CARRO,"2,70"
CD IPE 001,MIRACEMA,BAIRRO INEXISTENTE,CARRO,"2,80"
CD IPE 001,NATIVIDADE,BAIRRO INEXISTENTE,CARRO,"2,80"
CD IPE 001,PORCIÚNCULA,BAIRRO INEXISTENTE,CARRO,"2,80"
CD IPE 001,VARRE-SAI,BAIRRO INEXISTENTE,CARRO,"2,80"
CD IPE 001,ARÉ,BAIRRO INEXISTENTE,CARRO,"2,80"
CD IPE 001,SÃO JOSÉ DE UBÁ,BAIRRO INEXISTENTE,CARRO,"2,80"
CD IPE 001,BOM JESUS DO ITABAPOANA,BAIRRO INEXISTENTE,CARRO,"2,80"
CD IPE 001,ITALVA,BAIRRO INEXISTENTE,CARRO,"2,80"
CD IPE 001,CARDOSO MOREIRA,BAIRRO INEXISTENTE,CARRO,"2,80"
CD ARR 001,ARARUAMA,BAIRRO INEXISTENTE,CARRO,"2,80"
CD ARR 001,SAQUAREMA,BAIRRO INEXISTENTE,CARRO,"3,20"
CD ARR 001,ARRAIAL DO CABO,BAIRRO INEXISTENTE,CARRO,"2,80"
CD ARR 001,IGUABA GRANDE,BAIRRO INEXISTENTE,CARRO,"2,80"
CD MAC 001,CARAPEBUS,BAIRRO INEXISTENTE,CARRO,"3,50"
CD MAC 001,QUISSAMÃ,BAIRRO INEXISTENTE,CARRO,"3,00"
CD MAC 001,CONCEIÇÃO DE MACABU,BAIRRO INEXISTENTE,CARRO,"3,00"
CD MAC 001,MACAÉ,BAIRRO INEXISTENTE,CARRO,"2,80"
CD BSF 001,BARRA DE SÃO FRANCISCO,BAIRRO INEXISTENTE,CARRO,"2,80"
CD CLN 001,ÁGUA DOCE DO NORTE,BAIRRO INEXISTENTE,CARRO,"3,00"
CD CLN 001,ÁGUIA BRANCA,BAIRRO INEXISTENTE,CARRO,"3,00"
CD CLN 001,ALTO RIO NOVO,BAIRRO INEXISTENTE,CARRO,"3,00"
CD CLN 001,BAIXO GUANDU,BAIRRO INEXISTENTE,CARRO,"3,00"
CD CLN 001,COLATINA,BAIRRO INEXISTENTE,CARRO,"2,80"
CD CLN 001,ECOPORANGA,BAIRRO INEXISTENTE,CARRO,"3,00"
CD CLN 001,GOVERNADOR LINDENBERG,BAIRRO INEXISTENTE,CARRO,"3,00"
CD CLN 001,ITAGUAÇU,BAIRRO INEXISTENTE,CARRO,"3,00"
CD CLN 001,ITARANA,BAIRRO INEXISTENTE,CARRO,"3,00"
CD CLN 001,MANTENÓPOLIS,BAIRRO INEXISTENTE,CARRO,"3,00"
CD CLN 001,MARILÂNDIA,BAIRRO INEXISTENTE,CARRO,"3,00"
CD CLN 001,PANCAS,BAIRRO INEXISTENTE,CARRO,"3,00"
CD CLN 001,SANTA MARIA DE JETIBÁ,BAIRRO INEXISTENTE,CARRO,"3,00"
CD CLN 001,SANTA TERESA,BAIRRO INEXISTENTE,CARRO,"3,00"
CD CLN 001,SÃO DOMINGOS DO NORTE,BAIRRO INEXISTENTE,CARRO,"3,00"
CD CLN 001,SÃO GABRIEL DA PALHA,BAIRRO INEXISTENTE,CARRO,"3,00"
CD CLN 001,SÃO ROQUE DO CANAÃ,BAIRRO INEXISTENTE,CARRO,"3,00"
CD CLN 001,VILA PAVÃO,BAIRRO INEXISTENTE,CARRO,"2,80"
CD CLN 001,VILA VALÉRIO,BAIRRO INEXISTENTE,CARRO,"3,00"
CD LIN 001,LINHARES,BAIRRO INEXISTENTE,CARRO,"2,70"
CD LIN 001,RIO BANANAL,BAIRRO INEXISTENTE,CARRO,"3,00"
CD LIN 001,SOORETAMA,BAIRRO INEXISTENTE,CARRO,"2,80"
CD ARC 001,ARACRUZ,BAIRRO INEXISTENTE,CARRO,"3,00"
CD ARC 001,IBIRAÇU,BAIRRO INEXISTENTE,CARRO,"3,00"
CD ARC 001,JOÃO NEIVA,BAIRRO INEXISTENTE,CARRO,"3,00"
CD CAR 001,CARIACICA,BAIRRO INEXISTENTE,CARRO,"2,80"
CD CAR 001,VIANA,BAIRRO INEXISTENTE,CARRO,"2,90"
CD CAR 001,VILA VELHA,BAIRRO INEXISTENTE,CARRO,"2,80"
CD CDC 001,AFONSO CLÁUDIO,BAIRRO INEXISTENTE,CARRO,"3,00"
CD CDC 001,BREJETUBA,BAIRRO INEXISTENTE,CARRO,"3,00"
CD CDC 001,CONCEIÇÃO DO CASTELO,BAIRRO INEXISTENTE,CARRO,"2,50"
CD CDC 001,IBATIBA,BAIRRO INEXISTENTE,CARRO,"3,00"
CD CDC 001,IRUPI,BAIRRO INEXISTENTE,CARRO,"2,70"
CD CDC 001,IÚNA,BAIRRO INEXISTENTE,CARRO,"2,70"
CD CDC 001,LARANJA DA TERRA,BAIRRO INEXISTENTE,CARRO,"2,80"
CD CDC 001,MUNIZ FREIRE,BAIRRO INEXISTENTE,CARRO,"2,50"
CD CDC 001,VENDA NOVA DO IMIGRANTE,BAIRRO INEXISTENTE,CARRO,"3,00"
CD CDI 001,ALEGRE,BAIRRO INEXISTENTE,CARRO,"2,80"
CD CDI 001,APIACÁ,BAIRRO INEXISTENTE,CARRO,"2,80"
CD CDI 001,ATÍLIO VIVÁCQUA,BAIRRO INEXISTENTE,CARRO,"2,80"
CD CDI 001,BOM JESUS DO NORTE,BAIRRO INEXISTENTE,CARRO,"2,80"
CD CDI 001,CACHOEIRO DE ITAPEMIRIM,BAIRRO INEXISTENTE,CARRO,"3,20"
CD CDI 001,CASTELO,BAIRRO INEXISTENTE,CARRO,"2,80"
CD CDI 001,DIVINO DE SÃO LOURENÇO,BAIRRO INEXISTENTE,CARRO,"2,80"
CD CDI 001,DORES DO RIO PRETO,BAIRRO INEXISTENTE,CARRO,"2,80"
CD CDI 001,GUAÇUÍ,BAIRRO INEXISTENTE,CARRO,"2,80"
CD CDI 001,IBITIRAMA,BAIRRO INEXISTENTE,CARRO,"2,80"
CD CDI 001,ITAPEMIRIM,BAIRRO INEXISTENTE,CARRO,"2,80"
CD CDI 001,JERÔNIMO MONTEIRO,BAIRRO INEXISTENTE,CARRO,"2,80"
CD CDI 001,MIMOSO DO SUL,BAIRRO INEXISTENTE,CARRO,"2,80"
CD CDI 001,MUQUI,BAIRRO INEXISTENTE,CARRO,"2,80"
CD CDI 001,PRESIDENTE KENNEDY,BAIRRO INEXISTENTE,CARRO,"2,80"
CD CDI 001,RIO NOVO DO SUL,BAIRRO INEXISTENTE,CARRO,"2,80"
CD CDI 001,SÃO JOSÉ DO CALÇADO,BAIRRO INEXISTENTE,CARRO,"2,80"
CD CDI 001,VARGEM ALTA,BAIRRO INEXISTENTE,CARRO,"2,80"
CD GPR 001,ALFREDO CHAVES,BAIRRO INEXISTENTE,CARRO,"2,50"
CD GPR 001,ANCHIETA,BAIRRO INEXISTENTE,CARRO,"3,00"
CD GPR 001,GUARAPARI,BAIRRO INEXISTENTE,CARRO,"2,70"
CD GPR 001,ICONHA,BAIRRO INEXISTENTE,CARRO,"2,80"
CD GPR 001,PIÚMA,BAIRRO INEXISTENTE,CARRO,"3,00"
CD MRT 001,MARATAÍZES,BAIRRO INEXISTENTE,CARRO,"2,80"
CD SMT 001,BOA ESPERANÇA,BAIRRO INEXISTENTE,CARRO,"2,80"
CD SMT 001,CONCEIÇÃO DA BARRA,BAIRRO INEXISTENTE,CARRO,"3,00"
CD SMT 001,JAGUARÉ,BAIRRO INEXISTENTE,CARRO,"3,00"
CD SMT 001,MONTANHA,BAIRRO INEXISTENTE,CARRO,"3,00"
CD SMT 001,MUCURICI,BAIRRO INEXISTENTE,CARRO,"3,00"
CD SMT 001,NOVA VENÉCIA,BAIRRO INEXISTENTE,CARRO,"2,70"
CD SMT 001,PEDRO CANÁRIO,BAIRRO INEXISTENTE,CARRO,"3,00"
CD SMT 001,PINHEIROS,BAIRRO INEXISTENTE,CARRO,"3,00"
CD SMT 001,PONTO BELO,BAIRRO INEXISTENTE,CARRO,"3,00"
CD SMT 001,SÃO MATEUS,BAIRRO INEXISTENTE,CARRO,"2,80"
CD SRR 001,DOMINGOS MARTINS,BAIRRO INEXISTENTE,CARRO,"2,70"
CD SRR 001,FUNDÃO,BAIRRO INEXISTENTE,CARRO,"2,70"
CD SRR 001,MARECHAL FLORIANO,BAIRRO INEXISTENTE,CARRO,"2,70"
CD SRR 001,SANTA LEOPOLDINA,BAIRRO INEXISTENTE,CARRO,"3,00"
CD SRR 001,SERRA,BAIRRO INEXISTENTE,CARRO,"2,80"
CD VIR 001,VITÓRIA,BAIRRO INEXISTENTE,CARRO,"2,80"
CD NVI 001,NOVA IGUAÇU,BAIRRO INEXISTENTE,MOTO,"2,50"
CD NVI 001,NOVA IGUAÇU,KM 32,MOTO,"3,50"
CD NVI 001,QUEIMADOS,BAIRRO INEXISTENTE,MOTO,"2,50"
CD NVI 001,MESQUITA,BAIRRO INEXISTENTE,MOTO,"2,50"
CD NVI 001,JAPERI,BAIRRO INEXISTENTE,MOTO,"3,00"
CD NVI 001,NOVA IGUAÇU,CABUCU,MOTO,"2,80"
CD NVI 001,NOVA IGUAÇU,AERO CLUBE,MOTO,"2,50"
CD NVI 001,NOVA IGUAÇU,ALVAREZ,MOTO,"2,50"
CD NVI 001,NOVA IGUAÇU,BELMONTE,MOTO,"2,50"
CD NVI 001,NOVA IGUAÇU,BELTERRA,MOTO,"2,50"
CD NVI 001,NOVA IGUAÇU,CALIFORNIA,MOTO,"2,50"
CD NVI 001,NOVA IGUAÇU,CAONZE,MOTO,"2,50"
CD NVI 001,NOVA IGUAÇU,CENTRO,MOTO,"2,50"
CD NVI 001,NOVA IGUAÇU,CHACRINHA,MOTO,"2,50"
CD NVI 001,NOVA IGUAÇU,CHAVASCAL,MOTO,"2,50"
CD NVI 001,NOVA IGUAÇU,COMENDADOR SOARES,MOTO,"2,50"
CD NVI 001,NOVA IGUAÇU,COMENDADOR SORES,MOTO,"2,50"
CD NVI 001,NOVA IGUAÇU,CONJUNTO RESIDENCIAL REDENCAO,MOTO,"2,50"
CD NVI 001,NOVA IGUAÇU,DA LUZ,MOTO,"2,50"
CD NVI 001,NOVA IGUAÇU,DANON,MOTO,"2,50"
CD NVI 001,NOVA IGUAÇU,DOM RODRIGO,MOTO,"2,50"
CD NVI 001,NOVA IGUAÇU,ESSOLANDIA,MOTO,"2,50"
CD NVI 001,NOVA IGUAÇU,FLORES,MOTO,"2,50"
CD NVI 001,NOVA IGUAÇU,FRATERNIDADE,MOTO,"2,50"
CD NVI 001,NOVA IGUAÇU,IMPERADOR,MOTO,"2,50"
CD NVI 001,NOVA IGUAÇU,IMPERIAL,MOTO,"2,50"
CD NVI 001,NOVA IGUAÇU,INDEPENDENCIA,MOTO,"2,50"
CD NVI 001,NOVA IGUAÇU,IOLANDA,MOTO,"2,50"
CD NVI 001,NOVA IGUAÇU,JARDIM ALVORADA,MOTO,"2,50"
CD NVI 001,NOVA IGUAÇU,JARDIM BELO HORIZONTE,MOTO,"2,50"
CD NVI 001,NOVA IGUAÇU,JARDIM CANAA,MOTO,"2,50"
CD NVI 001,NOVA IGUAÇU,JARDIM IDEAL,MOTO,"2,50"
CD NVI 001,NOVA IGUAÇU,JARDIM IGUACU,MOTO,"2,50"
CD NVI 001,NOVA IGUAÇU,JARDIM IMPERIO,MOTO,"2,50"
CD NVI 001,NOVA IGUAÇU,JARDIM JASMIM,MOTO,"2,50"
CD NVI 001,NOVA IGUAÇU,JARDIM LUMAR,MOTO,"2,50"
CD NVI 001,NOVA IGUAÇU,JARDIM NATAL,MOTO,"2,50"
CD NVI 001,NOVA IGUAÇU,JARDIM NOSSA SENHORA DAS GRACAS,MOTO,"2,50"
CD NVI 001,NOVA IGUAÇU,JARDIM NOVA ERA,MOTO,"2,50"
CD NVI 001,NOVA IGUAÇU,JARDIM PALMARES,MOTO,"2,50"
CD NVI 001,NOVA IGUAÇU,JARDIM PERNAMBUCO,MOTO,"2,50"
CD NVI 001,NOVA IGUAÇU,JARDIM PITORESCO,MOTO,"2,50"
CD NVI 001,NOVA IGUAÇU,JARDIM SAO JOAO,MOTO,"2,50"
CD NVI 001,NOVA IGUAÇU,JOANA D'ARC,MOTO,"2,50"
CD NVI 001,NOVA IGUAÇU,LAFAIETE,MOTO,"2,50"
CD NVI 001,NOVA IGUAÇU,MARCO II,MOTO,"2,50"
CD NVI 001,NOVA IGUAÇU,MARIA DA LUZ,MOTO,"2,50"
CD NVI 001,NOVA IGUAÇU,MARIA JOSE,MOTO,"2,50"
CD NVI 001,NOVA IGUAÇU,METROPOLE,MOTO,"2,50"
CD NVI 001,NOVA IGUAÇU,MOQUETA,MOTO,"2,50"
CD NVI 001,NOVA IGUAÇU,NOSSA SENHORA DAS GRACAS,MOTO,"2,50"
CD NVI 001,NOVA IGUAÇU,OURO PRETO,MOTO,"2,50"
CD NVI 001,NOVA IGUAÇU,OURO VERDE,MOTO,"2,50"
CD NVI 001,NOVA IGUAÇU,PALMEIRAS,MOTO,"2,50"
CD NVI 001,NOVA IGUAÇU,PARQUE HORIZONTE,MOTO,"2,50"
CD NVI 001,NOVA IGUAÇU,PARQUE RESIDENCIAL GUADALAJARA,MOTO,"2,50"
CD NVI 001,NOVA IGUAÇU,PARQUE RODILAR,MOTO,"2,50"
CD NVI 001,NOVA IGUAÇU,PARQUE SAO VICENTE DE PAULO,MOTO,"2,50"
CD NVI 001,NOVA IGUAÇU,PIONEIRO,MOTO,"2,50"
CD NVI 001,NOVA IGUAÇU,PRATA,MOTO,"2,50"
CD NVI 001,NOVA IGUAÇU,RANCHO ALEGRE,MOTO,"2,50"
CD NVI 001,NOVA IGUAÇU,RIACHAO,MOTO,"2,50"
CD NVI 001,NOVA IGUAÇU,ROSA DOS VENTOS,MOTO,"2,50"
CD NVI 001,NOVA IGUAÇU,SANTA CATARINA,MOTO,"2,50"
CD NVI 001,NOVA IGUAÇU,SANTA EUFENIA,MOTO,"2,50"
CD NVI 001,NOVA IGUAÇU,SANTA EUGENIA,MOTO,"2,50"
CD NVI 001,NOVA IGUAÇU,SANTA LUCIA,MOTO,"2,50"
CD NVI 001,NOVA IGUAÇU,SANTOS NEVES,MOTO,"2,50"
CD NVI 001,NOVA IGUAÇU,SAO FRANCISCO XAVIER,MOTO,"2,50"
CD NVI 001,NOVA IGUAÇU,SAO GERALDO,MOTO,"2,50"
CD NVI 001,NOVA IGUAÇU,SAO JOSE,MOTO,"2,50"
CD NVI 001,NOVA IGUAÇU,VILA AVELINA,MOTO,"2,50"
CD NVI 001,NOVA IGUAÇU,VILA BANDEIRANTES,MOTO,"2,50"
CD NVI 001,NOVA IGUAÇU,VILA BORGES,MOTO,"2,50"
CD NVI 001,NOVA IGUAÇU,VILA FATIMA,MOTO,"2,50"
CD NVI 001,NOVA IGUAÇU,VILA MARPIZA,MOTO,"2,50"
CD NVI 001,NOVA IGUAÇU,VILA MARTINS,MOTO,"2,50"
CD NVI 001,NOVA IGUAÇU,VILA NOVA,MOTO,"2,50"
CD NVI 001,NOVA IGUAÇU,VILA SACRA FAMILIA,MOTO,"2,50"
CD NVI 001,NOVA IGUAÇU,VILA SAO DOMINGOS,MOTO,"2,50"
CD NVI 001,NOVA IGUAÇU,VILA SAO JORGE,MOTO,"2,50"
CD NVI 001,NOVA IGUAÇU,VILA ZULMIRA,MOTO,"2,50"
CD NVI 001,NOVA IGUAÇU,VISTA ALEGRE,MOTO,"2,50"
CD NVI 001,NOVA IGUAÇU,AUSTIN,MOTO,"2,50"
CD NVI 001,NOVA IGUAÇU,CACUIA,MOTO,"2,50"
CD NVI 001,NOVA IGUAÇU,CARLOS SAMPAIO,MOTO,"2,50"
CD NVI 001,NOVA IGUAÇU,INCONFIDENCIA,MOTO,"2,50"
CD NVI 001,NOVA IGUAÇU,RODILANDIA,MOTO,"2,50"
CD NVI 001,NOVA IGUAÇU,TINGUAZINHO,MOTO,"2,50"
CD NVI 001,NOVA IGUAÇU,VILA GAUCHA,MOTO,"2,80"
CD NVI 001,NOVA IGUAÇU,MIGUEL COUTO,MOTO,"2,80"
CD NVI 001,NOVA IGUAÇU,GENECIANO,MOTO,"2,80"
CD NVI 001,NOVA IGUAÇU,GRAMA,MOTO,"2,80"
CD NVI 001,NOVA IGUAÇU,BOA ESPERANCA,MOTO,"2,80"
CD NVI 001,NOVA IGUAÇU,PARQUE MARIA DA FONTE,MOTO,"2,80"
CD NVI 001,NOVA IGUAÇU,VILA GUIMARAES,MOTO,"2,50"
CD SJT 001,SÃO JOÃO DE MERITI,BAIRRO INEXISTENTE,MOTO,"2,80"
CD SJT 001,BELFORD ROXO,BAIRRO INEXISTENTE,MOTO,"2,80"
CD SJT 001,MESQUITA,BAIRRO INEXISTENTE,MOTO,"2,80"
CD SJT 001,NILÓPOLIS,BAIRRO INEXISTENTE,MOTO,"2,50"
CD SJT 001,RIO DE JANEIRO,BAIRRO INEXISTENTE,MOTO,"2,80"
CD DQC 002,MAGÉ,BAIRRO INEXISTENTE,MOTO,"3,00"
CD DQC 002,DUQUE DE CAXIAS,BAIRRO INEXISTENTE,MOTO,"2,80"
CD DQC 002,DUQUE DE CAXIAS,XEREM,MOTO,"2,50"
CD DQC 002,DUQUE DE CAXIAS,TAQUARA,MOTO,"2,50"
CD DQC 001,DUQUE DE CAXIAS,BAIRRO INEXISTENTE,MOTO,"2,80"
CD DQC 001,DUQUE DE CAXIAS,VILA LEOPOLDINA,MOTO,"2,50"
CD AST 001,QUEIMADOS,BAIRRO INEXISTENTE,MOTO,"2,50"
CD AST 001,NOVA IGUAÇU,AUSTIN,MOTO,"2,50"
CD AST 001,JAPERI,BAIRRO INEXISTENTE,MOTO,"2,80"
CD SGC 001,SÃO GONÇALO,BAIRRO INEXISTENTE,MOTO,"2,80"
CD SGC 001,MARICÁ,BAIRRO INEXISTENTE,MOTO,"3,00"
CD SGC 002,NITERÓI,BAIRRO INEXISTENTE,MOTO,"2,60"
CD ITB 001,ITABORAÍ,BAIRRO INEXISTENTE,MOTO,"2,60"
CD ITB 001,SILVA JARDIM,BAIRRO INEXISTENTE,MOTO,"3,10"
CD ITB 001,RIO BONITO,BAIRRO INEXISTENTE,MOTO,"2,80"
CD ITB 001,TANGUÁ,BAIRRO INEXISTENTE,MOTO,"2,80"
CD ITB 001,MAGÉ,BAIRRO INEXISTENTE,MOTO,"2,80"
CD ITB 001,GUAPIMIRIM,BAIRRO INEXISTENTE,MOTO,"2,80"
CD RIO 002,RIO DE JANEIRO,BAIRRO INEXISTENTE,MOTO,"2,60"
CD RIO 003,RIO DE JANEIRO,BAIRRO INEXISTENTE,MOTO,"2,80"
CD RIO 003,RIO DE JANEIRO,SAO CONRADO,MOTO,"2,60"
CD RIO 003,RIO DE JANEIRO,ROCINHA,MOTO,"2,60"
CD RIO 003,RIO DE JANEIRO,GAVEA,MOTO,"2,60"
CD RIO 003,RIO DE JANEIRO,CENTRO,MOTO,"2,60"
CD RIO 003,RIO DE JANEIRO,PAQUETA,MOTO,"3,80"
CD RIO 003,RIO DE JANEIRO,BOTAFOGO,MOTO,"2,60"
CD RIO 003,RIO DE JANEIRO,URCA,MOTO,"2,60"
CD RIO 003,RIO DE JANEIRO,HUMAITA,MOTO,"2,60"
CD RIO 003,RIO DE JANEIRO,COPACABANA,MOTO,"2,60"
CD RIO 003,RIO DE JANEIRO,LEME,MOTO,"2,60"
CD RIO 003,RIO DE JANEIRO,LEBLON,MOTO,"2,60"
CD RIO 003,RIO DE JANEIRO,LAGOA,MOTO,"2,60"
CD RIO 003,RIO DE JANEIRO,JARDIM BOTANICO,MOTO,"2,60"
CD RIO 003,RIO DE JANEIRO,LARANJEIRAS,MOTO,"2,60"
CD RIO 003,RIO DE JANEIRO,FLAMENGO,MOTO,"2,60"
CD RIO 003,RIO DE JANEIRO,VIDIGAL,MOTO,"2,60"
CD RIO 003,RIO DE JANEIRO,SAO CRISTOVAO,MOTO,"2,60"
CD RIO 003,RIO DE JANEIRO,CATETE,MOTO,"2,60"
CD RIO 003,RIO DE JANEIRO,TIJUCA,MOTO,"2,60"
CD RIO 003,RIO DE JANEIRO,MARACANA,MOTO,"2,60"
CD RIO 003,RIO DE JANEIRO,IPANEMA,MOTO,"2,60"
CD RIO 003,RIO DE JANEIRO,SAMPAIO,MOTO,"2,60"
CD RIO 003,RIO DE JANEIRO,RIACHUELO,MOTO,"2,60"
CD RIO 003,RIO DE JANEIRO,ROCHA,MOTO,"2,60"
CD RIO 003,RIO DE JANEIRO,ENGENHO NOVO,MOTO,"2,60"
CD RIO 003,RIO DE JANEIRO,SAO FRANCISCO XAVIER,MOTO,"2,60"
CD RIO 003,RIO DE JANEIRO,COSME VELHO,MOTO,"2,60"
CD RIO 003,RIO DE JANEIRO,GLORIA,MOTO,"2,60"
CD RIO 003,RIO DE JANEIRO,PRACA DA BANDEIRA,MOTO,"2,60"
CD RIO 009,RIO DE JANEIRO,BAIRRO INEXISTENTE,MOTO,"2,80"
CD RIO 009,RIO DE JANEIRO,PAQUETA,MOTO,"3,80"
CD RIO 010,RIO DE JANEIRO,BAIRRO INEXISTENTE,MOTO,"2,60"
CD RIO 008,RIO DE JANEIRO,BAIRRO INEXISTENTE,MOTO,"2,30"
CD RIO 008,RIO DE JANEIRO,CASCADURA,MOTO,"2,80"
CD RIO 008,RIO DE JANEIRO,MEIER,MOTO,"2,60"
CD RIO 008,RIO DE JANEIRO,ENGENHO NOVO,MOTO,"2,60"
CD RIO 008,RIO DE JANEIRO,LINS DE VASCONCELOS,MOTO,"2,60"
CD RIO 008,RIO DE JANEIRO,TODOS OS SANTOS,MOTO,"2,50"
CD RIO 008,RIO DE JANEIRO,QUINTINO BOCAIUVA,MOTO,"2,80"
CD RIO 008,RIO DE JANEIRO,TOMAS COELHO,MOTO,"2,80"
CD RIO 008,RIO DE JANEIRO,ENGENHEIRO LEAL,MOTO,"2,80"
CD RIO 008,RIO DE JANEIRO,CAVALCANTI,MOTO,"2,80"
CD RIO 008,RIO DE JANEIRO,ENCANTADO,MOTO,"2,80"
CD RIO 008,RIO DE JANEIRO,PIEDADE,MOTO,"2,80"
CD RIO 008,RIO DE JANEIRO,AGUA SANTA,MOTO,"2,80"
CD RIO 008,RIO DE JANEIRO,ENGENHO DE DENTRO,MOTO,"2,50"
CD RIO 008,RIO DE JANEIRO,ABOLICAO,MOTO,"2,80"
CD RIO 008,RIO DE JANEIRO,PILARES,MOTO,"2,80"
CD RIO 001,RIO DE JANEIRO,BAIRRO INEXISTENTE,MOTO,"2,30"
CD RIO 001,RIO DE JANEIRO,FREGUESIA (JACAREPAGUA),MOTO,"2,30"
CD RIO 001,RIO DE JANEIRO,PECHINCHA,MOTO,"2,30"
CD RIO 001,RIO DE JANEIRO,TAQUARA,MOTO,"2,30"
CD RIO 001,RIO DE JANEIRO,CURICICA,MOTO,"2,30"
CD RIO 001,RIO DE JANEIRO,ANIL,MOTO,"2,30"
CD RIO 001,RIO DE JANEIRO,GARDENIA AZUL,MOTO,"2,30"
CD RIO 001,RIO DE JANEIRO,ITANHANGA,MOTO,"2,50"
CD RIO 001,RIO DE JANEIRO,CIDADE DE DEUS,MOTO,"2,50"
CD RIO 004,RIO DE JANEIRO,BAIRRO INEXISTENTE,MOTO,"2,80"
CD RIO 004,RIO DE JANEIRO,GUARATIBA,MOTO,"2,80"
CD RIO 004,RIO DE JANEIRO,PEDRA DE GUARATIBA,MOTO,"2,80"
CD RIO 004,RIO DE JANEIRO,BARRA DE GUARATIBA,MOTO,"2,80"
CD RIO 004,RIO DE JANEIRO,ILHA DE GUARATIBA,MOTO,"2,80"
CD RIO 004,RIO DE JANEIRO,CAMPO GRANDE,MOTO,"2,60"
CD RIO 004,RIO DE JANEIRO,BANGU,MOTO,"2,60"
CD RIO 004,ITAGUAÍ,BAIRRO INEXISTENTE,MOTO,"2,80"
CD RIO 004,SEROPÉDICA,BAIRRO INEXISTENTE,MOTO,"2,80"
CD RIO 005,RIO DE JANEIRO,BAIRRO INEXISTENTE,MOTO,"2,80"
CD RIO 005,RIO DE JANEIRO,TURIACU,MOTO,"2,30"
CD RIO 005,RIO DE JANEIRO,HONORIO GURGEL,MOTO,"2,30"
CD RIO 005,RIO DE JANEIRO,MARECHAL HERMES,MOTO,"2,30"
CD RIO 005,RIO DE JANEIRO,BENTO RIBEIRO,MOTO,"2,30"
CD RIO 005,RIO DE JANEIRO,CAMPINHO,MOTO,"2,30"
CD RIO 005,RIO DE JANEIRO,PRACA SECA,MOTO,"2,30"
CD RIO 005,RIO DE JANEIRO,ACARI,MOTO,"2,50"
CD RIO 005,RIO DE JANEIRO,REALENGO,MOTO,"2,80"
CD RIO 006,RIO DE JANEIRO,BAIRRO INEXISTENTE,MOTO,"2,80"
CD RIO 006,RIO DE JANEIRO,SANTA CRUZ,MOTO,"2,60"
CD RIO 006,RIO DE JANEIRO,SEPETIBA,MOTO,"2,80"
CD RIO 006,SEROPÉDICA,BAIRRO INEXISTENTE,MOTO,"2,80"
CD RIO 006,ITAGUAÍ,BAIRRO INEXISTENTE,MOTO,"2,80"
CD RIO 006,RIO DE JANEIRO,CAMPO GRANDE,MOTO,"2,60"
CD RIO 007,RIO DE JANEIRO,BAIRRO INEXISTENTE,MOTO,"2,30"
CD RIO 007,RIO DE JANEIRO,BARRA DA TIJUCA,MOTO,"2,30"
CD RIO 007,RIO DE JANEIRO,RECREIO DOS BANDEIRANTES,MOTO,"2,30"
CD RIO 007,RIO DE JANEIRO,VARGEM GRANDE,MOTO,"2,30"
CD RIO 007,RIO DE JANEIRO,VARGEM PEQUENA,MOTO,"2,30"
CD RIO 007,RIO DE JANEIRO,CAMORIM,MOTO,"2,30"
CD RIO 007,RIO DE JANEIRO,BARRA DE GUARATIBA,MOTO,"2,30"
CD RIO 007,SEROPÉDICA,BAIRRO INEXISTENTE,MOTO,"2,80"
CD RIO 007,ITAGUAÍ,BAIRRO INEXISTENTE,MOTO,"2,80"
CD VTR 001,VOLTA REDONDA,BAIRRO INEXISTENTE,MOTO,"2,60"
CD VTR 001,BARRA MANSA,BAIRRO INEXISTENTE,MOTO,"2,60"
CD VTR 001,PORTO REAL,BAIRRO INEXISTENTE,MOTO,"2,80"
CD VTR 001,QUATIS,BAIRRO INEXISTENTE,MOTO,"2,80"
CD VTR 001,PINHEIRAL,BAIRRO INEXISTENTE,MOTO,"2,60"
CD VTR 001,RIO CLARO,BAIRRO INEXISTENTE,MOTO,"3,10"
CD VTR 001,BARRA DO PIRAÍ,BAIRRO INEXISTENTE,MOTO,"2,80"
CD BPR 001,BARRA DO PIRAÍ,BAIRRO INEXISTENTE,MOTO,"2,40"
CD BPR 001,VALENÇA,BAIRRO INEXISTENTE,MOTO,"2,50"
CD BPR 001,RIO DAS FLORES,BAIRRO INEXISTENTE,MOTO,"2,50"
CD BPR 001,PIRAÍ,BAIRRO INEXISTENTE,MOTO,"2,50"
CD BPR 001,VASSOURAS,BAIRRO INEXISTENTE,MOTO,"2,50"
CD BPR 001,MIGUEL PEREIRA,BAIRRO INEXISTENTE,MOTO,"3,00"
CD BPR 001,ENGENHEIRO PAULO DE FRONTIN,BAIRRO INEXISTENTE,MOTO,"2,50"
CD BPR 001,PARACAMBI,BAIRRO INEXISTENTE,MOTO,"2,50"
CD BPR 001,PATY DO ALFERES,BAIRRO INEXISTENTE,MOTO,"2,50"
CD BPR 001,MENDES,BAIRRO INEXISTENTE,MOTO,"2,50"
CD ADR 001,ANGRA DOS REIS,BAIRRO INEXISTENTE,MOTO,"3,00"
CD ADR 001,ANGRA DOS REIS,PARQUE MAMBUCABA (MAMBUCABA),MOTO,"3,00"
CD ADR 001,ANGRA DOS REIS,PRAIA BRAVA (MAMBUCABA),MOTO,"3,00"
CD ADR 001,ANGRA DOS REIS,PARQUE PEREQUE (MAMBUCABA),MOTO,"3,00"
CD ADR 001,ANGRA DOS REIS,MORRO DA BOA VISTA (MAMBUCABA),MOTO,"3,00"
CD ADR 001,ANGRA DOS REIS,VILA HISTORICA DE MAMBUCABA (MAMBUCABA),MOTO,"3,00"
CD ADR 001,ANGRA DOS REIS,PRAIA VERMELHA (MAMBUCABA),MOTO,"3,00"
CD ADR 001,MANGARATIBA,BAIRRO INEXISTENTE,MOTO,"3,30"
CD ADR 001,PARATY,BAIRRO INEXISTENTE,MOTO,"3,00"
CD RSD 001,RESENDE,BAIRRO INEXISTENTE,MOTO,"2,40"
CD RSD 001,ITATIAIA,BAIRRO INEXISTENTE,MOTO,"2,60"
CD NVF 001,NOVA FRIBURGO,BAIRRO INEXISTENTE,MOTO,"2,80"
CD NVF 001,BOM JARDIM,BAIRRO INEXISTENTE,MOTO,"3,00"
CD NVF 001,CARMO,BAIRRO INEXISTENTE,MOTO,"3,20"
CD NVF 001,SUMIDOURO,BAIRRO INEXISTENTE,MOTO,"3,20"
CD NVF 001,DUAS BARRAS,BAIRRO INEXISTENTE,MOTO,"3,40"
CD NVF 001,CACHOEIRAS DE MACACU,BAIRRO INEXISTENTE,MOTO,"2,60"
CD PTL 001,PETRÓPOLIS,QUITANDINHA,MOTO,"2,50"
CD PTL 001,PETRÓPOLIS,VALPARAISO,MOTO,"2,50"
CD PTL 001,PETRÓPOLIS,ALTO DA SERRA,MOTO,"2,50"
CD PTL 001,PETRÓPOLIS,CENTRO,MOTO,"2,50"
CD PTL 001,PETRÓPOLIS,BINGEN,MOTO,"2,50"
CD PTL 001,PETRÓPOLIS,MOSELA,MOTO,"2,50"
CD PTL 001,PETRÓPOLIS,RETIRO,MOTO,"2,50"
CD PTL 001,PETRÓPOLIS,ITAMARATI,MOTO,"2,50"
CD PTL 001,PETRÓPOLIS,CASCATINHA,MOTO,"2,50"
CD PTL 001,PETRÓPOLIS,CORREAS,MOTO,"2,50"
CD PTL 001,PETRÓPOLIS,NOGUEIRA,MOTO,"2,50"
CD PTL 001,PETRÓPOLIS,ARARAS,MOTO,"2,60"
CD PTL 001,PETRÓPOLIS,ITAIPAVA,MOTO,"2,90"
CD PTL 001,PETRÓPOLIS,POSSE,MOTO,"3,00"
CD PTL 001,PETRÓPOLIS,PEDRO DO RIO,MOTO,"3,00"
CD PTL 001,AREAL,BAIRRO INEXISTENTE,MOTO,"3,00"
CD TRS 001,TERESÓPOLIS,BAIRRO INEXISTENTE,MOTO,"2,80"
CD TRS 001,TERESÓPOLIS,INTERIOR,MOTO,"2,80"
CD TRS 001,TERESÓPOLIS,AGUA QUENTE,MOTO,"2,80"
CD TRS 001,TERESÓPOLIS,ALBUQUERQUE,MOTO,"2,80"
CD TRS 001,TERESÓPOLIS,ANDRADAS,MOTO,"2,80"
CD TRS 001,TERESÓPOLIS,BIQUINHA,MOTO,"2,80"
CD TRS 001,TERESÓPOLIS,BONSUCESSO,MOTO,"2,80"
CD TRS 001,TERESÓPOLIS,CAMPANHA,MOTO,"2,80"
CD TRS 001,TERESÓPOLIS,CAMPO LIMPO,MOTO,"2,80"
CD TRS 001,TERESÓPOLIS,COLONIA ALPINA,MOTO,"2,80"
CD TRS 001,TERESÓPOLIS,CORREGO DAS PEDRAS,MOTO,"2,80"
CD TRS 001,TERESÓPOLIS,CORREGO SUJO,MOTO,"2,80"
CD TRS 001,TERESÓPOLIS,CRUZEIRO,MOTO,"2,80"
CD TRS 001,TERESÓPOLIS,FAZENDA ALPINA,MOTO,"2,80"
CD TRS 001,TERESÓPOLIS,FAZENDA BOA FE,MOTO,"2,80"
CD TRS 001,TERESÓPOLIS,FAZENDA SUICA,MOTO,"2,80"
CD TRS 001,TERESÓPOLIS,FISCHER,MOTO,"2,80"
CD TRS 001,TERESÓPOLIS,GRANJA MAFRA,MOTO,"2,80"
CD TRS 001,TERESÓPOLIS,GREEN VALLEIY,MOTO,"2,80"
CD TRS 001,TERESÓPOLIS,IMBIU,MOTO,"2,80"
CD TRS 001,TERESÓPOLIS,MOTAS,MOTO,"2,80"
CD TRS 001,TERESÓPOLIS,NHUNGUACU,MOTO,"2,80"
CD TRS 001,TERESÓPOLIS,PARQUE BOA UNIAO,MOTO,"2,80"
CD TRS 001,TERESÓPOLIS,PESSEGUEIROS,MOTO,"2,80"
CD TRS 001,TERESÓPOLIS,PONTE NOVA,MOTO,"2,80"
CD TRS 001,TERESÓPOLIS,PRATA DOS AREDES,MOTO,"2,80"
CD TRS 001,TERESÓPOLIS,PROVIDENCIA,MOTO,"2,80"
CD TRS 001,TERESÓPOLIS,PRATES,MOTO,"2,80"
CD TRS 001,TERESÓPOLIS,SANTA ROSA,MOTO,"2,80"
CD TRS 001,TERESÓPOLIS,SEBASTIANA,MOTO,"2,80"
CD TRS 001,TERESÓPOLIS,SERRA DO CAPIM,MOTO,"2,80"
CD TRS 001,TERESÓPOLIS,SERRA DO PALMITAL,MOTO,"2,80"
CD TRS 001,TERESÓPOLIS,SERRINHA,MOTO,"2,80"
CD TRS 001,TERESÓPOLIS,TRES CORREGOS,MOTO,"2,80"
CD TRS 001,TERESÓPOLIS,VALE FELIZ,MOTO,"2,80"
CD TRS 001,TERESÓPOLIS,VALE DO IMBUI,MOTO,"2,80"
CD TRS 001,TERESÓPOLIS,VARGEM GRANDE,MOTO,"2,80"
CD TRS 001,TERESÓPOLIS,VENDA NOVA,MOTO,"2,80"
CD TRS 001,TERESÓPOLIS,VIEIRA,MOTO,"2,80"
CD TRS 001,TERESÓPOLIS,VISTA ALEGRE,MOTO,"2,80"
CD TRS 001,TERESÓPOLIS,XOTO,MOTO,"2,80"
CD TRS 001,SÃO JOSÉ DO VALE DO RIO PRETO,BAIRRO INEXISTENTE,MOTO,"2,80"
CD TRS 001,SAPUCAIA,BAIRRO INEXISTENTE,MOTO,"2,80"
CD TRS 001,TERESÓPOLIS,AGRIOES,MOTO,"2,80"
CD TRS 001,TERESÓPOLIS,ALTO,MOTO,"2,80"
CD TRS 001,TERESÓPOLIS,ARARAS,MOTO,"2,80"
CD TRS 001,TERESÓPOLIS,ARTISTAS,MOTO,"2,80"
CD TRS 001,TERESÓPOLIS,BARRA DO IMBUI,MOTO,"2,80"
CD TRS 001,TERESÓPOLIS,BARROSO,MOTO,"2,80"
CD TRS 001,TERESÓPOLIS,BAIRRO DOS FUNCIONÁRIOS,MOTO,"2,80"
CD TRS 001,TERESÓPOLIS,BOM RETIRO,MOTO,"2,80"
CD TRS 001,TERESÓPOLIS,CALEME,MOTO,"2,80"
CD TRS 001,TERESÓPOLIS,CARLOS GUINLE,MOTO,"2,80"
CD TRS 001,TERESÓPOLIS,CASCATA DO IMBUI,MOTO,"2,80"
CD TRS 001,TERESÓPOLIS,CASCATA DOS AMORES,MOTO,"2,80"
CD TRS 001,TERESÓPOLIS,CAXANGA,MOTO,"2,80"
CD TRS 001,TERESÓPOLIS,CASCATA GUARANI,MOTO,"2,80"
CD TRS 001,TERESÓPOLIS,CORTA VENTO,MOTO,"2,80"
CD TRS 001,TERESÓPOLIS,ERMITAGE,MOTO,"2,80"
CD TRS 001,TERESÓPOLIS,FAZENDA ERMITAGE,MOTO,"2,80"
CD TRS 001,TERESÓPOLIS,FAZENDINHA,MOTO,"2,80"
CD TRS 001,TERESÓPOLIS,FONTE SANTA,MOTO,"2,80"
CD TRS 001,TERESÓPOLIS,GOLFE,MOTO,"2,80"
CD TRS 001,TERESÓPOLIS,GRANJA FLORESTAL,MOTO,"2,80"
CD TRS 001,TERESÓPOLIS,GRANJA GUARANI,MOTO,"2,80"
CD TRS 001,TERESÓPOLIS,IUCAS,MOTO,"2,80"
CD TRS 001,TERESÓPOLIS,JARDIM CASCATA,MOTO,"2,80"
CD TRS 001,TERESÓPOLIS,JARDIM EUROPA,MOTO,"2,80"
CD TRS 001,TERESÓPOLIS,JARDIM MEUDON,MOTO,"2,80"
CD TRS 001,TERESÓPOLIS,MORRO  DOS PINHEIROS,MOTO,"2,80"
CD TRS 001,TERESÓPOLIS,JARDIM SALACO,MOTO,"2,80"
CD TRS 001,TERESÓPOLIS,MEUDON,MOTO,"2,80"
CD TRS 001,TERESÓPOLIS,NOSSA SENHORA DE FATIMA,MOTO,"2,80"
CD TRS 001,TERESÓPOLIS,PAINEIRA,MOTO,"2,80"
CD TRS 001,TERESÓPOLIS,PANORAMA,MOTO,"2,80"
CD TRS 001,TERESÓPOLIS,PARQUE DO IMBUI,MOTO,"2,80"
CD TRS 001,TERESÓPOLIS,PARQUE DO INGA,MOTO,"2,80"
CD TRS 001,TERESÓPOLIS,PARQUE SAO LUIZ,MOTO,"2,80"
CD TRS 001,TERESÓPOLIS,PIMENTEIRAS,MOTO,"2,80"
CD TRS 001,TERESÓPOLIS,POSSE,MOTO,"2,80"
CD TRS 001,TERESÓPOLIS,PRATA,MOTO,"2,80"
CD TRS 001,TERESÓPOLIS,QUEBRA FRASCOS,MOTO,"2,80"
CD TRS 001,TERESÓPOLIS,QUINTA DA BARRA,MOTO,"2,80"
CD TRS 001,TERESÓPOLIS,QUINTA LEBRAO,MOTO,"2,80"
CD TRS 001,TERESÓPOLIS,SANTA CECILIA,MOTO,"2,80"
CD TRS 001,TERESÓPOLIS,SAO PEDRO,MOTO,"2,80"
CD TRS 001,TERESÓPOLIS,SOBERBO,MOTO,"2,80"
CD TRS 001,TERESÓPOLIS,TAUMATURGO,MOTO,"2,80"
CD TRS 001,TERESÓPOLIS,TIJUCA,MOTO,"2,80"
CD TRS 001,TERESÓPOLIS,VALE DO PARAISO,MOTO,"2,80"
CD TRS 001,TERESÓPOLIS,VARZEA,MOTO,"2,80"
CD TRS 001,TERESÓPOLIS,VILA MUQUI,MOTO,"2,80"
CD TRS 001,GUAPIMIRIM,BAIRRO INEXISTENTE,MOTO,"2,30"
CD TRS 001,MAGÉ,BAIRRO INEXISTENTE,MOTO,"2,30"
CD CRD 001,CANTAGALO,BAIRRO INEXISTENTE,MOTO,"2,20"
CD CRD 001,CORDEIRO,BAIRRO INEXISTENTE,MOTO,"2,20"
CD CRD 001,MACUCO,BAIRRO INEXISTENTE,MOTO,"2,40"
CD CRD 001,SÃO SEBASTIÃO DO ALTO,BAIRRO INEXISTENTE,MOTO,"2,40"
CD CRD 001,TRAJANO DE MORAES,BAIRRO INEXISTENTE,MOTO,"3,00"
CD CRD 001,SANTA MARIA MADALENA,BAIRRO INEXISTENTE,MOTO,"3,00"
CD TRI 001,TRÊS RIOS,BAIRRO INEXISTENTE,MOTO,"2,50"
CD TRI 001,COMENDADOR LEVY GASPARIAN,BAIRRO INEXISTENTE,MOTO,"2,60"
CD TRI 001,PARAÍBA DO SUL,BAIRRO INEXISTENTE,MOTO,"2,70"
CD CFB 001,TAMOIOS,BAIRRO INEXISTENTE,MOTO,"2,80"
CD CFB 001,UNAMAR,BAIRRO INEXISTENTE,MOTO,"2,80"
CD CFB 001,CABO FRIO,BAIRRO INEXISTENTE,MOTO,"2,80"
CD CFB 001,SÃO PEDRO DA ALDEIA,BAIRRO INEXISTENTE,MOTO,"2,80"
CD CFB 001,RIO DAS OSTRAS,BAIRRO INEXISTENTE,MOTO,"2,80"
CD CFB 001,BÚZIOS,BAIRRO INEXISTENTE,MOTO,"2,80"
CD CFB 001,ARMAÇÃO DOS BÚZIOS,BAIRRO INEXISTENTE,MOTO,"2,80"
CD CFB 001,CASIMIRO DE ABREU,BAIRRO INEXISTENTE,MOTO,"2,30"
CD CPG 001,SÃO FRANCISCO DE ITABAPOANA,BAIRRO INEXISTENTE,MOTO,"2,30"
CD CPG 001,SÃO JOÃO DA BARRA,BAIRRO INEXISTENTE,MOTO,"2,30"
CD CPG 001,CAMPOS DOS GOYTACAZES,BAIRRO INEXISTENTE,MOTO,"2,20"
CD IPE 001,APERIBÉ,BAIRRO INEXISTENTE,MOTO,"2,30"
CD IPE 001,ITAOCARA,BAIRRO INEXISTENTE,MOTO,"2,30"
CD IPE 001,SANTO ANTÔNIO DE PÁDUA,BAIRRO INEXISTENTE,MOTO,"2,30"
CD IPE 001,CAMBUCI,BAIRRO INEXISTENTE,MOTO,"2,30"
CD IPE 001,SÃO FIDÉLIS,BAIRRO INEXISTENTE,MOTO,"2,30"
CD IPE 001,LAJE DO MURIAÉ,BAIRRO INEXISTENTE,MOTO,"2,30"
CD IPE 001,ITAPERUNA,BAIRRO INEXISTENTE,MOTO,"2,20"
CD IPE 001,MIRACEMA,BAIRRO INEXISTENTE,MOTO,"2,30"
CD IPE 001,NATIVIDADE,BAIRRO INEXISTENTE,MOTO,"2,30"
CD IPE 001,PORCIÚNCULA,BAIRRO INEXISTENTE,MOTO,"2,30"
CD IPE 001,VARRE-SAI,BAIRRO INEXISTENTE,MOTO,"2,30"
CD IPE 001,ARÉ,BAIRRO INEXISTENTE,MOTO,"2,50"
CD IPE 001,SÃO JOSÉ DE UBÁ,BAIRRO INEXISTENTE,MOTO,"2,30"
CD IPE 001,BOM JESUS DO ITABAPOANA,BAIRRO INEXISTENTE,MOTO,"2,30"
CD IPE 001,ITALVA,BAIRRO INEXISTENTE,MOTO,"2,30"
CD IPE 001,CARDOSO MOREIRA,BAIRRO INEXISTENTE,MOTO,"2,30"
CD ARR 001,ARARUAMA,BAIRRO INEXISTENTE,MOTO,"2,60"
CD ARR 001,SAQUAREMA,BAIRRO INEXISTENTE,MOTO,"3,00"
CD ARR 001,ARRAIAL DO CABO,BAIRRO INEXISTENTE,MOTO,"2,60"
CD ARR 001,IGUABA GRANDE,BAIRRO INEXISTENTE,MOTO,"2,60"
CD MAC 001,CARAPEBUS,BAIRRO INEXISTENTE,MOTO,"2,80"
CD MAC 001,QUISSAMÃ,BAIRRO INEXISTENTE,MOTO,"2,80"
CD MAC 001,CONCEIÇÃO DE MACABU,BAIRRO INEXISTENTE,MOTO,"2,80"
CD MAC 001,MACAÉ,BAIRRO INEXISTENTE,MOTO,"2,80"
CD BSF 001,BARRA DE SÃO FRANCISCO,BAIRRO INEXISTENTE,MOTO,"2,20"
CD CLN 001,ÁGUA DOCE DO NORTE,BAIRRO INEXISTENTE,MOTO,"2,50"
CD CLN 001,ÁGUIA BRANCA,BAIRRO INEXISTENTE,MOTO,"2,50"
CD CLN 001,ALTO RIO NOVO,BAIRRO INEXISTENTE,MOTO,"2,50"
CD CLN 001,BAIXO GUANDU,BAIRRO INEXISTENTE,MOTO,"2,50"
CD CLN 001,COLATINA,BAIRRO INEXISTENTE,MOTO,"2,20"
CD CLN 001,ECOPORANGA,BAIRRO INEXISTENTE,MOTO,"2,40"
CD CLN 001,GOVERNADOR LINDENBERG,BAIRRO INEXISTENTE,MOTO,"2,50"
CD CLN 001,ITAGUAÇU,BAIRRO INEXISTENTE,MOTO,"2,50"
CD CLN 001,ITARANA,BAIRRO INEXISTENTE,MOTO,"2,50"
CD CLN 001,MANTENÓPOLIS,BAIRRO INEXISTENTE,MOTO,"2,50"
CD CLN 001,MARILÂNDIA,BAIRRO INEXISTENTE,MOTO,"2,50"
CD CLN 001,PANCAS,BAIRRO INEXISTENTE,MOTO,"2,50"
CD CLN 001,SANTA MARIA DE JETIBÁ,BAIRRO INEXISTENTE,MOTO,"2,50"
CD CLN 001,SANTA TERESA,BAIRRO INEXISTENTE,MOTO,"2,50"
CD CLN 001,SÃO DOMINGOS DO NORTE,BAIRRO INEXISTENTE,MOTO,"2,50"
CD CLN 001,SÃO GABRIEL DA PALHA,BAIRRO INEXISTENTE,MOTO,"2,30"
CD CLN 001,SÃO ROQUE DO CANAÃ,BAIRRO INEXISTENTE,MOTO,"2,50"
CD CLN 001,VILA PAVÃO,BAIRRO INEXISTENTE,MOTO,"2,50"
CD CLN 001,VILA VALÉRIO,BAIRRO INEXISTENTE,MOTO,"2,50"
CD LIN 001,LINHARES,BAIRRO INEXISTENTE,MOTO,"2,20"
CD LIN 001,RIO BANANAL,BAIRRO INEXISTENTE,MOTO,"2,20"
CD LIN 001,SOORETAMA,BAIRRO INEXISTENTE,MOTO,"2,30"
CD ARC 001,ARACRUZ,BAIRRO INEXISTENTE,MOTO,"2,20"
CD ARC 001,IBIRAÇU,BAIRRO INEXISTENTE,MOTO,"2,50"
CD ARC 001,JOÃO NEIVA,BAIRRO INEXISTENTE,MOTO,"2,50"
CD CAR 001,CARIACICA,BAIRRO INEXISTENTE,MOTO,"2,20"
CD CAR 001,VIANA,BAIRRO INEXISTENTE,MOTO,"2,20"
CD CAR 001,VILA VELHA,BAIRRO INEXISTENTE,MOTO,"2,20"
CD CDC 001,AFONSO CLÁUDIO,BAIRRO INEXISTENTE,MOTO,"2,00"
CD CDC 001,BREJETUBA,BAIRRO INEXISTENTE,MOTO,"2,00"
CD CDC 001,CONCEIÇÃO DO CASTELO,BAIRRO INEXISTENTE,MOTO,"2,00"
CD CDC 001,IBATIBA,BAIRRO INEXISTENTE,MOTO,"2,00"
CD CDC 001,IRUPI,BAIRRO INEXISTENTE,MOTO,"2,00"
CD CDC 001,IÚNA,BAIRRO INEXISTENTE,MOTO,"2,00"
CD CDC 001,LARANJA DA TERRA,BAIRRO INEXISTENTE,MOTO,"2,00"
CD CDC 001,MUNIZ FREIRE,BAIRRO INEXISTENTE,MOTO,"2,00"
CD CDC 001,VENDA NOVA DO IMIGRANTE,BAIRRO INEXISTENTE,MOTO,"2,00"
CD CDI 001,ALEGRE,BAIRRO INEXISTENTE,MOTO,"2,30"
CD CDI 001,APIACÁ,BAIRRO INEXISTENTE,MOTO,"2,30"
CD CDI 001,ATÍLIO VIVÁCQUA,BAIRRO INEXISTENTE,MOTO,"2,30"
CD CDI 001,BOM JESUS DO NORTE,BAIRRO INEXISTENTE,MOTO,"2,30"
CD CDI 001,CACHOEIRO DE ITAPEMIRIM,BAIRRO INEXISTENTE,MOTO,"2,20"
CD CDI 001,CASTELO,BAIRRO INEXISTENTE,MOTO,"2,30"
CD CDI 001,DIVINO DE SÃO LOURENÇO,BAIRRO INEXISTENTE,MOTO,"2,30"
CD CDI 001,DORES DO RIO PRETO,BAIRRO INEXISTENTE,MOTO,"2,30"
CD CDI 001,GUAÇUÍ,BAIRRO INEXISTENTE,MOTO,"2,30"
CD CDI 001,IBITIRAMA,BAIRRO INEXISTENTE,MOTO,"2,30"
CD CDI 001,ITAPEMIRIM,BAIRRO INEXISTENTE,MOTO,"2,30"
CD CDI 001,JERÔNIMO MONTEIRO,BAIRRO INEXISTENTE,MOTO,"2,30"
CD CDI 001,MIMOSO DO SUL,BAIRRO INEXISTENTE,MOTO,"2,30"
CD CDI 001,MUQUI,BAIRRO INEXISTENTE,MOTO,"2,30"
CD CDI 001,PRESIDENTE KENNEDY,BAIRRO INEXISTENTE,MOTO,"2,30"
CD CDI 001,RIO NOVO DO SUL,BAIRRO INEXISTENTE,MOTO,"2,30"
CD CDI 001,SÃO JOSÉ DO CALÇADO,BAIRRO INEXISTENTE,MOTO,"2,30"
CD CDI 001,VARGEM ALTA,BAIRRO INEXISTENTE,MOTO,"2,30"
CD GPR 001,ALFREDO CHAVES,BAIRRO INEXISTENTE,MOTO,"2,40"
CD GPR 001,ANCHIETA,BAIRRO INEXISTENTE,MOTO,"2,40"
CD GPR 001,GUARAPARI,BAIRRO INEXISTENTE,MOTO,"2,20"
CD GPR 001,ICONHA,BAIRRO INEXISTENTE,MOTO,"2,50"
CD GPR 001,PIÚMA,BAIRRO INEXISTENTE,MOTO,"2,50"
CD MRT 001,MARATAÍZES,BAIRRO INEXISTENTE,MOTO,"2,00"
CD SMT 001,BOA ESPERANÇA,BAIRRO INEXISTENTE,MOTO,"2,50"
CD SMT 001,CONCEIÇÃO DA BARRA,BAIRRO INEXISTENTE,MOTO,"2,50"
CD SMT 001,JAGUARÉ,BAIRRO INEXISTENTE,MOTO,"2,50"
CD SMT 001,MONTANHA,BAIRRO INEXISTENTE,MOTO,"2,60"
CD SMT 001,MUCURICI,BAIRRO INEXISTENTE,MOTO,"2,60"
CD SMT 001,NOVA VENÉCIA,BAIRRO INEXISTENTE,MOTO,"2,30"
CD SMT 001,PEDRO CANÁRIO,BAIRRO INEXISTENTE,MOTO,"2,60"
CD SMT 001,PINHEIROS,BAIRRO INEXISTENTE,MOTO,"2,50"
CD SMT 001,PONTO BELO,BAIRRO INEXISTENTE,MOTO,"2,60"
CD SMT 001,SÃO MATEUS,BAIRRO INEXISTENTE,MOTO,"2,30"
CD SRR 001,DOMINGOS MARTINS,BAIRRO INEXISTENTE,MOTO,"2,20"
CD SRR 001,FUNDÃO,BAIRRO INEXISTENTE,MOTO,"2,20"
CD SRR 001,MARECHAL FLORIANO,BAIRRO INEXISTENTE,MOTO,"2,20"
CD SRR 001,SANTA LEOPOLDINA,BAIRRO INEXISTENTE,MOTO,"2,50"
CD SRR 001,SERRA,BAIRRO INEXISTENTE,MOTO,"2,20"
CD VIR 001,VITÓRIA,BAIRRO INEXISTENTE,MOTO,"2,20"
CD NVI 001,NOVA IGUAÇU,BAIRRO INEXISTENTE,BIKE,"2,00"
CD NVI 001,NOVA IGUAÇU,KM 32,BIKE,"2,00"
CD NVI 001,QUEIMADOS,BAIRRO INEXISTENTE,BIKE,"2,00"
CD NVI 001,MESQUITA,BAIRRO INEXISTENTE,BIKE,"2,00"
CD NVI 001,JAPERI,BAIRRO INEXISTENTE,BIKE,"2,00"
CD NVI 001,NOVA IGUAÇU,CABUCU,BIKE,"2,00"
CD NVI 001,NOVA IGUAÇU,AERO CLUBE,BIKE,"2,00"
CD NVI 001,NOVA IGUAÇU,ALVAREZ,BIKE,"2,00"
CD NVI 001,NOVA IGUAÇU,BELMONTE,BIKE,"2,00"
CD NVI 001,NOVA IGUAÇU,BELTERRA,BIKE,"2,00"
CD NVI 001,NOVA IGUAÇU,CALIFORNIA,BIKE,"2,00"
CD NVI 001,NOVA IGUAÇU,CAONZE,BIKE,"2,00"
CD NVI 001,NOVA IGUAÇU,CENTRO,BIKE,"2,00"
CD NVI 001,NOVA IGUAÇU,CHACRINHA,BIKE,"2,00"
CD NVI 001,NOVA IGUAÇU,CHAVASCAL,BIKE,"2,00"
CD NVI 001,NOVA IGUAÇU,COMENDADOR SOARES,BIKE,"2,00"
CD NVI 001,NOVA IGUAÇU,COMENDADOR SORES,BIKE,"2,00"
CD NVI 001,NOVA IGUAÇU,CONJUNTO RESIDENCIAL REDENCAO,BIKE,"2,00"
CD NVI 001,NOVA IGUAÇU,DA LUZ,BIKE,"2,00"
CD NVI 001,NOVA IGUAÇU,DANON,BIKE,"2,00"
CD NVI 001,NOVA IGUAÇU,DOM RODRIGO,BIKE,"2,00"
CD NVI 001,NOVA IGUAÇU,ESSOLANDIA,BIKE,"2,00"
CD NVI 001,NOVA IGUAÇU,FLORES,BIKE,"2,00"
CD NVI 001,NOVA IGUAÇU,FRATERNIDADE,BIKE,"2,00"
CD NVI 001,NOVA IGUAÇU,IMPERADOR,BIKE,"2,00"
CD NVI 001,NOVA IGUAÇU,IMPERIAL,BIKE,"2,00"
CD NVI 001,NOVA IGUAÇU,INDEPENDENCIA,BIKE,"2,00"
CD NVI 001,NOVA IGUAÇU,IOLANDA,BIKE,"2,00"
CD NVI 001,NOVA IGUAÇU,JARDIM ALVORADA,BIKE,"2,00"
CD NVI 001,NOVA IGUAÇU,JARDIM BELO HORIZONTE,BIKE,"2,00"
CD NVI 001,NOVA IGUAÇU,JARDIM CANAA,BIKE,"2,00"
CD NVI 001,NOVA IGUAÇU,JARDIM IDEAL,BIKE,"2,00"
CD NVI 001,NOVA IGUAÇU,JARDIM IGUACU,BIKE,"2,00"
CD NVI 001,NOVA IGUAÇU,JARDIM IMPERIO,BIKE,"2,00"
CD NVI 001,NOVA IGUAÇU,JARDIM JASMIM,BIKE,"2,00"
CD NVI 001,NOVA IGUAÇU,JARDIM LUMAR,BIKE,"2,00"
CD NVI 001,NOVA IGUAÇU,JARDIM NATAL,BIKE,"2,00"
CD NVI 001,NOVA IGUAÇU,JARDIM NOSSA SENHORA DAS GRACAS,BIKE,"2,00"
CD NVI 001,NOVA IGUAÇU,JARDIM NOVA ERA,BIKE,"2,00"
CD NVI 001,NOVA IGUAÇU,JARDIM PALMARES,BIKE,"2,00"
CD NVI 001,NOVA IGUAÇU,JARDIM PERNAMBUCO,BIKE,"2,00"
CD NVI 001,NOVA IGUAÇU,JARDIM PITORESCO,BIKE,"2,00"
CD NVI 001,NOVA IGUAÇU,JARDIM SAO JOAO,BIKE,"2,00"
CD NVI 001,NOVA IGUAÇU,JOANA D'ARC,BIKE,"2,00"
CD NVI 001,NOVA IGUAÇU,LAFAIETE,BIKE,"2,00"
CD NVI 001,NOVA IGUAÇU,MARCO II,BIKE,"2,00"
CD NVI 001,NOVA IGUAÇU,MARIA DA LUZ,BIKE,"2,00"
CD NVI 001,NOVA IGUAÇU,MARIA JOSE,BIKE,"2,00"
CD NVI 001,NOVA IGUAÇU,METROPOLE,BIKE,"2,00"
CD NVI 001,NOVA IGUAÇU,MOQUETA,BIKE,"2,00"
CD NVI 001,NOVA IGUAÇU,NOSSA SENHORA DAS GRACAS,BIKE,"2,00"
CD NVI 001,NOVA IGUAÇU,OURO PRETO,BIKE,"2,00"
CD NVI 001,NOVA IGUAÇU,OURO VERDE,BIKE,"2,00"
CD NVI 001,NOVA IGUAÇU,PALMEIRAS,BIKE,"2,00"
CD NVI 001,NOVA IGUAÇU,PARQUE HORIZONTE,BIKE,"2,00"
CD NVI 001,NOVA IGUAÇU,PARQUE RESIDENCIAL GUADALAJARA,BIKE,"2,00"
CD NVI 001,NOVA IGUAÇU,PARQUE RODILAR,BIKE,"2,00"
CD NVI 001,NOVA IGUAÇU,PARQUE SAO VICENTE DE PAULO,BIKE,"2,00"
CD NVI 001,NOVA IGUAÇU,PIONEIRO,BIKE,"2,00"
CD NVI 001,NOVA IGUAÇU,PRATA,BIKE,"2,00"
CD NVI 001,NOVA IGUAÇU,RANCHO ALEGRE,BIKE,"2,00"
CD NVI 001,NOVA IGUAÇU,RIACHAO,BIKE,"2,00"
CD NVI 001,NOVA IGUAÇU,ROSA DOS VENTOS,BIKE,"2,00"
CD NVI 001,NOVA IGUAÇU,SANTA CATARINA,BIKE,"2,00"
CD NVI 001,NOVA IGUAÇU,SANTA EUFENIA,BIKE,"2,00"
CD NVI 001,NOVA IGUAÇU,SANTA EUGENIA,BIKE,"2,00"
CD NVI 001,NOVA IGUAÇU,SANTA LUCIA,BIKE,"2,00"
CD NVI 001,NOVA IGUAÇU,SANTOS NEVES,BIKE,"2,00"
CD NVI 001,NOVA IGUAÇU,SAO FRANCISCO XAVIER,BIKE,"2,00"
CD NVI 001,NOVA IGUAÇU,SAO GERALDO,BIKE,"2,00"
CD NVI 001,NOVA IGUAÇU,SAO JOSE,BIKE,"2,00"
CD NVI 001,NOVA IGUAÇU,VILA AVELINA,BIKE,"2,00"
CD NVI 001,NOVA IGUAÇU,VILA BANDEIRANTES,BIKE,"2,00"
CD NVI 001,NOVA IGUAÇU,VILA BORGES,BIKE,"2,00"
CD NVI 001,NOVA IGUAÇU,VILA FATIMA,BIKE,"2,00"
CD NVI 001,NOVA IGUAÇU,VILA MARPIZA,BIKE,"2,00"
CD NVI 001,NOVA IGUAÇU,VILA MARTINS,BIKE,"2,00"
CD NVI 001,NOVA IGUAÇU,VILA NOVA,BIKE,"2,00"
CD NVI 001,NOVA IGUAÇU,VILA SACRA FAMILIA,BIKE,"2,00"
CD NVI 001,NOVA IGUAÇU,VILA SAO DOMINGOS,BIKE,"2,00"
CD NVI 001,NOVA IGUAÇU,VILA SAO JORGE,BIKE,"2,00"
CD NVI 001,NOVA IGUAÇU,VILA ZULMIRA,BIKE,"2,00"
CD NVI 001,NOVA IGUAÇU,VISTA ALEGRE,BIKE,"2,00"
CD NVI 001,NOVA IGUAÇU,AUSTIN,BIKE,"2,00"
CD NVI 001,NOVA IGUAÇU,CACUIA,BIKE,"2,00"
CD NVI 001,NOVA IGUAÇU,CARLOS SAMPAIO,BIKE,"2,00"
CD NVI 001,NOVA IGUAÇU,INCONFIDENCIA,BIKE,"2,00"
CD NVI 001,NOVA IGUAÇU,RODILANDIA,BIKE,"2,00"
CD NVI 001,NOVA IGUAÇU,TINGUAZINHO,BIKE,"2,00"
CD NVI 001,NOVA IGUAÇU,VILA GAUCHA,BIKE,"2,00"
CD NVI 001,NOVA IGUAÇU,MIGUEL COUTO,BIKE,"2,00"
CD NVI 001,NOVA IGUAÇU,GENECIANO,BIKE,"2,00"
CD NVI 001,NOVA IGUAÇU,GRAMA,BIKE,"2,00"
CD NVI 001,NOVA IGUAÇU,BOA ESPERANCA,BIKE,"2,00"
CD NVI 001,NOVA IGUAÇU,PARQUE MARIA DA FONTE,BIKE,"2,00"
CD NVI 001,NOVA IGUAÇU,VILA GUIMARAES,BIKE,"2,00"
CD SJT 001,SÃO JOÃO DE MERITI,BAIRRO INEXISTENTE,BIKE,"2,00"
CD SJT 001,BELFORD ROXO,BAIRRO INEXISTENTE,BIKE,"2,00"
CD SJT 001,MESQUITA,BAIRRO INEXISTENTE,BIKE,"2,00"
CD SJT 001,NILÓPOLIS,BAIRRO INEXISTENTE,BIKE,"2,00"
CD SJT 001,RIO DE JANEIRO,BAIRRO INEXISTENTE,BIKE,"2,00"
CD DQC 002,MAGÉ,BAIRRO INEXISTENTE,BIKE,"2,00"
CD DQC 002,DUQUE DE CAXIAS,BAIRRO INEXISTENTE,BIKE,"2,00"
CD DQC 002,DUQUE DE CAXIAS,XEREM,BIKE,"2,00"
CD DQC 002,DUQUE DE CAXIAS,TAQUARA,BIKE,"2,00"
CD DQC 001,DUQUE DE CAXIAS,BAIRRO INEXISTENTE,BIKE,"2,00"
CD DQC 001,DUQUE DE CAXIAS,VILA LEOPOLDINA,BIKE,"2,00"
CD AST 001,QUEIMADOS,BAIRRO INEXISTENTE,BIKE,"2,00"
CD AST 001,NOVA IGUAÇU,AUSTIN,BIKE,"2,00"
CD AST 001,JAPERI,BAIRRO INEXISTENTE,BIKE,"2,00"
CD SGC 001,SÃO GONÇALO,BAIRRO INEXISTENTE,BIKE,"2,20"
CD SGC 001,MARICÁ,BAIRRO INEXISTENTE,BIKE,"2,20"
CD SGC 002,NITERÓI,BAIRRO INEXISTENTE,BIKE,"2,20"
CD ITB 001,ITABORAÍ,BAIRRO INEXISTENTE,BIKE,"2,20"
CD ITB 001,SILVA JARDIM,BAIRRO INEXISTENTE,BIKE,"2,20"
CD ITB 001,RIO BONITO,BAIRRO INEXISTENTE,BIKE,"2,20"
CD ITB 001,TANGUÁ,BAIRRO INEXISTENTE,BIKE,"2,20"
CD ITB 001,MAGÉ,BAIRRO INEXISTENTE,BIKE,"2,20"
CD ITB 001,GUAPIMIRIM,BAIRRO INEXISTENTE,BIKE,"2,20"
CD RIO 002,RIO DE JANEIRO,BAIRRO INEXISTENTE,BIKE,"2,20"
CD RIO 003,RIO DE JANEIRO,BAIRRO INEXISTENTE,BIKE,"2,20"
CD RIO 003,RIO DE JANEIRO,SAO CONRADO,BIKE,"2,20"
CD RIO 003,RIO DE JANEIRO,ROCINHA,BIKE,"2,20"
CD RIO 003,RIO DE JANEIRO,GAVEA,BIKE,"2,20"
CD RIO 003,RIO DE JANEIRO,CENTRO,BIKE,"2,20"
CD RIO 003,RIO DE JANEIRO,PAQUETA,BIKE,"3,50"
CD RIO 003,RIO DE JANEIRO,BOTAFOGO,BIKE,"2,20"
CD RIO 003,RIO DE JANEIRO,URCA,BIKE,"2,20"
CD RIO 003,RIO DE JANEIRO,HUMAITA,BIKE,"2,20"
CD RIO 003,RIO DE JANEIRO,COPACABANA,BIKE,"2,20"
CD RIO 003,RIO DE JANEIRO,LEME,BIKE,"2,20"
CD RIO 003,RIO DE JANEIRO,LEBLON,BIKE,"2,20"
CD RIO 003,RIO DE JANEIRO,LAGOA,BIKE,"2,20"
CD RIO 003,RIO DE JANEIRO,JARDIM BOTANICO,BIKE,"2,20"
CD RIO 003,RIO DE JANEIRO,LARANJEIRAS,BIKE,"2,20"
CD RIO 003,RIO DE JANEIRO,FLAMENGO,BIKE,"2,20"
CD RIO 003,RIO DE JANEIRO,VIDIGAL,BIKE,"2,20"
CD RIO 003,RIO DE JANEIRO,SAO CRISTOVAO,BIKE,"2,20"
CD RIO 003,RIO DE JANEIRO,CATETE,BIKE,"2,20"
CD RIO 003,RIO DE JANEIRO,TIJUCA,BIKE,"2,20"
CD RIO 003,RIO DE JANEIRO,MARACANA,BIKE,"2,20"
CD RIO 003,RIO DE JANEIRO,IPANEMA,BIKE,"2,20"
CD RIO 003,RIO DE JANEIRO,SAMPAIO,BIKE,"2,20"
CD RIO 003,RIO DE JANEIRO,RIACHUELO,BIKE,"2,20"
CD RIO 003,RIO DE JANEIRO,ROCHA,BIKE,"2,20"
CD RIO 003,RIO DE JANEIRO,ENGENHO NOVO,BIKE,"2,20"
CD RIO 003,RIO DE JANEIRO,SAO FRANCISCO XAVIER,BIKE,"2,20"
CD RIO 003,RIO DE JANEIRO,COSME VELHO,BIKE,"2,20"
CD RIO 003,RIO DE JANEIRO,GLORIA,BIKE,"2,20"
CD RIO 003,RIO DE JANEIRO,PRACA DA BANDEIRA,BIKE,"2,20"
CD RIO 009,RIO DE JANEIRO,BAIRRO INEXISTENTE,BIKE,"2,20"
CD RIO 009,RIO DE JANEIRO,PAQUETA,BIKE,"3,50"
CD RIO 010,RIO DE JANEIRO,BAIRRO INEXISTENTE,BIKE,"2,20"
CD RIO 008,RIO DE JANEIRO,BAIRRO INEXISTENTE,BIKE,"2,00"
CD RIO 008,RIO DE JANEIRO,CASCADURA,BIKE,"2,20"
CD RIO 008,RIO DE JANEIRO,MEIER,BIKE,"2,20"
CD RIO 008,RIO DE JANEIRO,ENGENHO NOVO,BIKE,"2,20"
CD RIO 008,RIO DE JANEIRO,LINS DE VASCONCELOS,BIKE,"2,20"
CD RIO 008,RIO DE JANEIRO,TODOS OS SANTOS,BIKE,"2,00"
CD RIO 008,RIO DE JANEIRO,QUINTINO BOCAIUVA,BIKE,"2,20"
CD RIO 008,RIO DE JANEIRO,TOMAS COELHO,BIKE,"2,20"
CD RIO 008,RIO DE JANEIRO,ENGENHEIRO LEAL,BIKE,"2,20"
CD RIO 008,RIO DE JANEIRO,CAVALCANTI,BIKE,"2,20"
CD RIO 008,RIO DE JANEIRO,ENCANTADO,BIKE,"2,20"
CD RIO 008,RIO DE JANEIRO,PIEDADE,BIKE,"2,20"
CD RIO 008,RIO DE JANEIRO,AGUA SANTA,BIKE,"2,20"
CD RIO 008,RIO DE JANEIRO,ENGENHO DE DENTRO,BIKE,"2,00"
CD RIO 008,RIO DE JANEIRO,ABOLICAO,BIKE,"2,20"
CD RIO 008,RIO DE JANEIRO,PILARES,BIKE,"2,20"
CD RIO 001,RIO DE JANEIRO,BAIRRO INEXISTENTE,BIKE,"2,00"
CD RIO 001,RIO DE JANEIRO,FREGUESIA (JACAREPAGUA),BIKE,"2,00"
CD RIO 001,RIO DE JANEIRO,PECHINCHA,BIKE,"2,00"
CD RIO 001,RIO DE JANEIRO,TAQUARA,BIKE,"2,00"
CD RIO 001,RIO DE JANEIRO,CURICICA,BIKE,"2,00"
CD RIO 001,RIO DE JANEIRO,ANIL,BIKE,"2,00"
CD RIO 001,RIO DE JANEIRO,GARDENIA AZUL,BIKE,"2,00"
CD RIO 001,RIO DE JANEIRO,ITANHANGA,BIKE,"2,00"
CD RIO 001,RIO DE JANEIRO,CIDADE DE DEUS,BIKE,"2,00"
CD RIO 004,RIO DE JANEIRO,BAIRRO INEXISTENTE,BIKE,"2,00"
CD RIO 004,RIO DE JANEIRO,GUARATIBA,BIKE,"2,00"
CD RIO 004,RIO DE JANEIRO,PEDRA DE GUARATIBA,BIKE,"2,00"
CD RIO 004,RIO DE JANEIRO,BARRA DE GUARATIBA,BIKE,"2,00"
CD RIO 004,RIO DE JANEIRO,ILHA DE GUARATIBA,BIKE,"2,00"
CD RIO 004,RIO DE JANEIRO,CAMPO GRANDE,BIKE,"2,00"
CD RIO 004,RIO DE JANEIRO,BANGU,BIKE,"2,00"
CD RIO 004,ITAGUAÍ,BAIRRO INEXISTENTE,BIKE,"2,00"
CD RIO 004,SEROPÉDICA,BAIRRO INEXISTENTE,BIKE,"2,00"
CD RIO 005,RIO DE JANEIRO,BAIRRO INEXISTENTE,BIKE,"2,00"
CD RIO 005,RIO DE JANEIRO,TURIACU,BIKE,"2,00"
CD RIO 005,RIO DE JANEIRO,HONORIO GURGEL,BIKE,"2,00"
CD RIO 005,RIO DE JANEIRO,MARECHAL HERMES,BIKE,"2,00"
CD RIO 005,RIO DE JANEIRO,BENTO RIBEIRO,BIKE,"2,00"
CD RIO 005,RIO DE JANEIRO,CAMPINHO,BIKE,"2,00"
CD RIO 005,RIO DE JANEIRO,PRACA SECA,BIKE,"2,00"
CD RIO 005,RIO DE JANEIRO,ACARI,BIKE,"2,00"
CD RIO 005,RIO DE JANEIRO,REALENGO,BIKE,"2,00"
CD RIO 006,RIO DE JANEIRO,BAIRRO INEXISTENTE,BIKE,"2,00"
CD RIO 006,RIO DE JANEIRO,SANTA CRUZ,BIKE,"2,00"
CD RIO 006,RIO DE JANEIRO,SEPETIBA,BIKE,"2,00"
CD RIO 006,SEROPÉDICA,BAIRRO INEXISTENTE,BIKE,"2,00"
CD RIO 006,ITAGUAÍ,BAIRRO INEXISTENTE,BIKE,"2,00"
CD RIO 006,RIO DE JANEIRO,CAMPO GRANDE,BIKE,"2,00"
CD RIO 007,RIO DE JANEIRO,BAIRRO INEXISTENTE,BIKE,"2,00"
CD RIO 007,RIO DE JANEIRO,BARRA DA TIJUCA,BIKE,"2,00"
CD RIO 007,RIO DE JANEIRO,RECREIO DOS BANDEIRANTES,BIKE,"2,00"
CD RIO 007,RIO DE JANEIRO,VARGEM GRANDE,BIKE,"2,00"
CD RIO 007,RIO DE JANEIRO,VARGEM PEQUENA,BIKE,"2,00"
CD RIO 007,RIO DE JANEIRO,CAMORIM,BIKE,"2,00"
CD RIO 007,RIO DE JANEIRO,BARRA DE GUARATIBA,BIKE,"2,00"
CD RIO 007,SEROPÉDICA,BAIRRO INEXISTENTE,BIKE,"2,00"
CD RIO 007,ITAGUAÍ,BAIRRO INEXISTENTE,BIKE,"2,00"
CD VTR 001,VOLTA REDONDA,BAIRRO INEXISTENTE,BIKE,"2,00"
CD VTR 001,BARRA MANSA,BAIRRO INEXISTENTE,BIKE,"2,00"
CD VTR 001,PORTO REAL,BAIRRO INEXISTENTE,BIKE,"2,00"
CD VTR 001,QUATIS,BAIRRO INEXISTENTE,BIKE,"2,00"
CD VTR 001,PINHEIRAL,BAIRRO INEXISTENTE,BIKE,"2,00"
CD VTR 001,RIO CLARO,BAIRRO INEXISTENTE,BIKE,"2,00"
CD VTR 001,BARRA DO PIRAÍ,BAIRRO INEXISTENTE,BIKE,"2,00"
CD BPR 001,BARRA DO PIRAÍ,BAIRRO INEXISTENTE,BIKE,"2,00"
CD BPR 001,VALENÇA,BAIRRO INEXISTENTE,BIKE,"2,00"
CD BPR 001,RIO DAS FLORES,BAIRRO INEXISTENTE,BIKE,"2,00"
CD BPR 001,PIRAÍ,BAIRRO INEXISTENTE,BIKE,"2,00"
CD BPR 001,VASSOURAS,BAIRRO INEXISTENTE,BIKE,"2,00"
CD BPR 001,MIGUEL PEREIRA,BAIRRO INEXISTENTE,BIKE,"2,00"
CD BPR 001,ENGENHEIRO PAULO DE FRONTIN,BAIRRO INEXISTENTE,BIKE,"2,00"
CD BPR 001,PARACAMBI,BAIRRO INEXISTENTE,BIKE,"2,00"
CD BPR 001,PATY DO ALFERES,BAIRRO INEXISTENTE,BIKE,"2,00"
CD BPR 001,MENDES,BAIRRO INEXISTENTE,BIKE,"2,00"
CD ADR 001,ANGRA DOS REIS,BAIRRO INEXISTENTE,BIKE,"2,00"
CD ADR 001,ANGRA DOS REIS,PARQUE MAMBUCABA (MAMBUCABA),BIKE,"2,00"
CD ADR 001,ANGRA DOS REIS,PRAIA BRAVA (MAMBUCABA),BIKE,"2,00"
CD ADR 001,ANGRA DOS REIS,PARQUE PEREQUE (MAMBUCABA),BIKE,"2,00"
CD ADR 001,ANGRA DOS REIS,MORRO DA BOA VISTA (MAMBUCABA),BIKE,"2,00"
CD ADR 001,ANGRA DOS REIS,VILA HISTORICA DE MAMBUCABA (MAMBUCABA),BIKE,"2,00"
CD ADR 001,ANGRA DOS REIS,PRAIA VERMELHA (MAMBUCABA),BIKE,"2,00"
CD ADR 001,MANGARATIBA,BAIRRO INEXISTENTE,BIKE,"2,00"
CD ADR 001,PARATY,BAIRRO INEXISTENTE,BIKE,"2,00"
CD RSD 001,RESENDE,BAIRRO INEXISTENTE,BIKE,"2,00"
CD RSD 001,ITATIAIA,BAIRRO INEXISTENTE,BIKE,"2,00"
CD NVF 001,NOVA FRIBURGO,BAIRRO INEXISTENTE,BIKE,"2,00"
CD NVF 001,BOM JARDIM,BAIRRO INEXISTENTE,BIKE,"2,00"
CD NVF 001,CARMO,BAIRRO INEXISTENTE,BIKE,"2,00"
CD NVF 001,SUMIDOURO,BAIRRO INEXISTENTE,BIKE,"2,00"
CD NVF 001,DUAS BARRAS,BAIRRO INEXISTENTE,BIKE,"2,00"
CD NVF 001,CACHOEIRAS DE MACACU,BAIRRO INEXISTENTE,BIKE,"2,00"
CD PTL 001,PETRÓPOLIS,QUITANDINHA,BIKE,"2,00"
CD PTL 001,PETRÓPOLIS,VALPARAISO,BIKE,"2,00"
CD PTL 001,PETRÓPOLIS,ALTO DA SERRA,BIKE,"2,00"
CD PTL 001,PETRÓPOLIS,CENTRO,BIKE,"2,00"
CD PTL 001,PETRÓPOLIS,BINGEN,BIKE,"2,00"
CD PTL 001,PETRÓPOLIS,MOSELA,BIKE,"2,00"
CD PTL 001,PETRÓPOLIS,RETIRO,BIKE,"2,00"
CD PTL 001,PETRÓPOLIS,ITAMARATI,BIKE,"2,00"
CD PTL 001,PETRÓPOLIS,CASCATINHA,BIKE,"2,00"
CD PTL 001,PETRÓPOLIS,CORREAS,BIKE,"2,00"
CD PTL 001,PETRÓPOLIS,NOGUEIRA,BIKE,"2,00"
CD PTL 001,PETRÓPOLIS,ARARAS,BIKE,"2,00"
CD PTL 001,PETRÓPOLIS,ITAIPAVA,BIKE,"2,00"
CD PTL 001,PETRÓPOLIS,POSSE,BIKE,"2,00"
CD PTL 001,PETRÓPOLIS,PEDRO DO RIO,BIKE,"2,00"
CD PTL 001,AREAL,BAIRRO INEXISTENTE,BIKE,"2,00"
CD TRS 001,TERESÓPOLIS,BAIRRO INEXISTENTE,BIKE,"2,00"
CD TRS 001,TERESÓPOLIS,INTERIOR,BIKE,"2,00"
CD TRS 001,TERESÓPOLIS,AGUA QUENTE,BIKE,"2,00"
CD TRS 001,TERESÓPOLIS,ALBUQUERQUE,BIKE,"2,00"
CD TRS 001,TERESÓPOLIS,ANDRADAS,BIKE,"2,00"
CD TRS 001,TERESÓPOLIS,BIQUINHA,BIKE,"2,00"
CD TRS 001,TERESÓPOLIS,BONSUCESSO,BIKE,"2,00"
CD TRS 001,TERESÓPOLIS,CAMPANHA,BIKE,"2,00"
CD TRS 001,TERESÓPOLIS,CAMPO LIMPO,BIKE,"2,00"
CD TRS 001,TERESÓPOLIS,COLONIA ALPINA,BIKE,"2,00"
CD TRS 001,TERESÓPOLIS,CORREGO DAS PEDRAS,BIKE,"2,00"
CD TRS 001,TERESÓPOLIS,CORREGO SUJO,BIKE,"2,00"
CD TRS 001,TERESÓPOLIS,CRUZEIRO,BIKE,"2,00"
CD TRS 001,TERESÓPOLIS,FAZENDA ALPINA,BIKE,"2,00"
CD TRS 001,TERESÓPOLIS,FAZENDA BOA FE,BIKE,"2,00"
CD TRS 001,TERESÓPOLIS,FAZENDA SUICA,BIKE,"2,00"
CD TRS 001,TERESÓPOLIS,FISCHER,BIKE,"2,00"
CD TRS 001,TERESÓPOLIS,GRANJA MAFRA,BIKE,"2,00"
CD TRS 001,TERESÓPOLIS,GREEN VALLEIY,BIKE,"2,00"
CD TRS 001,TERESÓPOLIS,IMBIU,BIKE,"2,00"
CD TRS 001,TERESÓPOLIS,MOTAS,BIKE,"2,00"
CD TRS 001,TERESÓPOLIS,NHUNGUACU,BIKE,"2,00"
CD TRS 001,TERESÓPOLIS,PARQUE BOA UNIAO,BIKE,"2,00"
CD TRS 001,TERESÓPOLIS,PESSEGUEIROS,BIKE,"2,00"
CD TRS 001,TERESÓPOLIS,PONTE NOVA,BIKE,"2,00"
CD TRS 001,TERESÓPOLIS,PRATA DOS AREDES,BIKE,"2,00"
CD TRS 001,TERESÓPOLIS,PROVIDENCIA,BIKE,"2,00"
CD TRS 001,TERESÓPOLIS,PRATES,BIKE,"2,00"
CD TRS 001,TERESÓPOLIS,SANTA ROSA,BIKE,"2,00"
CD TRS 001,TERESÓPOLIS,SEBASTIANA,BIKE,"2,00"
CD TRS 001,TERESÓPOLIS,SERRA DO CAPIM,BIKE,"2,00"
CD TRS 001,TERESÓPOLIS,SERRA DO PALMITAL,BIKE,"2,00"
CD TRS 001,TERESÓPOLIS,SERRINHA,BIKE,"2,00"
CD TRS 001,TERESÓPOLIS,TRES CORREGOS,BIKE,"2,00"
CD TRS 001,TERESÓPOLIS,VALE FELIZ,BIKE,"2,00"
CD TRS 001,TERESÓPOLIS,VALE DO IMBUI,BIKE,"2,00"
CD TRS 001,TERESÓPOLIS,VARGEM GRANDE,BIKE,"2,00"
CD TRS 001,TERESÓPOLIS,VENDA NOVA,BIKE,"2,00"
CD TRS 001,TERESÓPOLIS,VIEIRA,BIKE,"2,00"
CD TRS 001,TERESÓPOLIS,VISTA ALEGRE,BIKE,"2,00"
CD TRS 001,TERESÓPOLIS,XOTO,BIKE,"2,00"
CD TRS 001,SÃO JOSÉ DO VALE DO RIO PRETO,BAIRRO INEXISTENTE,BIKE,"2,00"
CD TRS 001,SAPUCAIA,BAIRRO INEXISTENTE,BIKE,"2,00"
CD TRS 001,TERESÓPOLIS,AGRIOES,BIKE,"2,00"
CD TRS 001,TERESÓPOLIS,ALTO,BIKE,"2,00"
CD TRS 001,TERESÓPOLIS,ARARAS,BIKE,"2,00"
CD TRS 001,TERESÓPOLIS,ARTISTAS,BIKE,"2,00"
CD TRS 001,TERESÓPOLIS,BARRA DO IMBUI,BIKE,"2,00"
CD TRS 001,TERESÓPOLIS,BARROSO,BIKE,"2,00"
CD TRS 001,TERESÓPOLIS,BAIRRO DOS FUNCIONÁRIOS,BIKE,"2,00"
CD TRS 001,TERESÓPOLIS,BOM RETIRO,BIKE,"2,00"
CD TRS 001,TERESÓPOLIS,CALEME,BIKE,"2,00"
CD TRS 001,TERESÓPOLIS,CARLOS GUINLE,BIKE,"2,00"
CD TRS 001,TERESÓPOLIS,CASCATA DO IMBUI,BIKE,"2,00"
CD TRS 001,TERESÓPOLIS,CASCATA DOS AMORES,BIKE,"2,00"
CD TRS 001,TERESÓPOLIS,CAXANGA,BIKE,"2,00"
CD TRS 001,TERESÓPOLIS,CASCATA GUARANI,BIKE,"2,00"
CD TRS 001,TERESÓPOLIS,CORTA VENTO,BIKE,"2,00"
CD TRS 001,TERESÓPOLIS,ERMITAGE,BIKE,"2,00"
CD TRS 001,TERESÓPOLIS,FAZENDA ERMITAGE,BIKE,"2,00"
CD TRS 001,TERESÓPOLIS,FAZENDINHA,BIKE,"2,00"
CD TRS 001,TERESÓPOLIS,FONTE SANTA,BIKE,"2,00"
CD TRS 001,TERESÓPOLIS,GOLFE,BIKE,"2,00"
CD TRS 001,TERESÓPOLIS,GRANJA FLORESTAL,BIKE,"2,00"
CD TRS 001,TERESÓPOLIS,GRANJA GUARANI,BIKE,"2,00"
CD TRS 001,TERESÓPOLIS,IUCAS,BIKE,"2,00"
CD TRS 001,TERESÓPOLIS,JARDIM CASCATA,BIKE,"2,00"
CD TRS 001,TERESÓPOLIS,JARDIM EUROPA,BIKE,"2,00"
CD TRS 001,TERESÓPOLIS,JARDIM MEUDON,BIKE,"2,00"
CD TRS 001,TERESÓPOLIS,MORRO  DOS PINHEIROS,BIKE,"2,00"
CD TRS 001,TERESÓPOLIS,JARDIM SALACO,BIKE,"2,00"
CD TRS 001,TERESÓPOLIS,MEUDON,BIKE,"2,00"
CD TRS 001,TERESÓPOLIS,NOSSA SENHORA DE FATIMA,BIKE,"2,00"
CD TRS 001,TERESÓPOLIS,PAINEIRA,BIKE,"2,00"
CD TRS 001,TERESÓPOLIS,PANORAMA,BIKE,"2,00"
CD TRS 001,TERESÓPOLIS,PARQUE DO IMBUI,BIKE,"2,00"
CD TRS 001,TERESÓPOLIS,PARQUE DO INGA,BIKE,"2,00"
CD TRS 001,TERESÓPOLIS,PARQUE SAO LUIZ,BIKE,"2,00"
CD TRS 001,TERESÓPOLIS,PIMENTEIRAS,BIKE,"2,00"
CD TRS 001,TERESÓPOLIS,POSSE,BIKE,"2,00"
CD TRS 001,TERESÓPOLIS,PRATA,BIKE,"2,00"
CD TRS 001,TERESÓPOLIS,QUEBRA FRASCOS,BIKE,"2,00"
CD TRS 001,TERESÓPOLIS,QUINTA DA BARRA,BIKE,"2,00"
CD TRS 001,TERESÓPOLIS,QUINTA LEBRAO,BIKE,"2,00"
CD TRS 001,TERESÓPOLIS,SANTA CECILIA,BIKE,"2,00"
CD TRS 001,TERESÓPOLIS,SAO PEDRO,BIKE,"2,00"
CD TRS 001,TERESÓPOLIS,SOBERBO,BIKE,"2,00"
CD TRS 001,TERESÓPOLIS,TAUMATURGO,BIKE,"2,00"
CD TRS 001,TERESÓPOLIS,TIJUCA,BIKE,"2,00"
CD TRS 001,TERESÓPOLIS,VALE DO PARAISO,BIKE,"2,00"
CD TRS 001,TERESÓPOLIS,VARZEA,BIKE,"2,00"
CD TRS 001,TERESÓPOLIS,VILA MUQUI,BIKE,"2,00"
CD TRS 001,GUAPIMIRIM,BAIRRO INEXISTENTE,BIKE,"2,00"
CD TRS 001,MAGÉ,BAIRRO INEXISTENTE,BIKE,"2,00"
CD CRD 001,CANTAGALO,BAIRRO INEXISTENTE,BIKE,"2,00"
CD CRD 001,CORDEIRO,BAIRRO INEXISTENTE,BIKE,"2,00"
CD CRD 001,MACUCO,BAIRRO INEXISTENTE,BIKE,"2,00"
CD CRD 001,SÃO SEBASTIÃO DO ALTO,BAIRRO INEXISTENTE,BIKE,"2,00"
CD CRD 001,TRAJANO DE MORAES,BAIRRO INEXISTENTE,BIKE,"2,00"
CD CRD 001,SANTA MARIA MADALENA,BAIRRO INEXISTENTE,BIKE,"2,00"
CD TRI 001,TRÊS RIOS,BAIRRO INEXISTENTE,BIKE,"2,00"
CD TRI 001,COMENDADOR LEVY GASPARIAN,BAIRRO INEXISTENTE,BIKE,"2,00"
CD TRI 001,PARAÍBA DO SUL,BAIRRO INEXISTENTE,BIKE,"2,00"
CD CFB 001,TAMOIOS,BAIRRO INEXISTENTE,BIKE,"2,00"
CD CFB 001,UNAMAR,BAIRRO INEXISTENTE,BIKE,"2,00"
CD CFB 001,CABO FRIO,BAIRRO INEXISTENTE,BIKE,"2,00"
CD CFB 001,SÃO PEDRO DA ALDEIA,BAIRRO INEXISTENTE,BIKE,"2,00"
CD CFB 001,RIO DAS OSTRAS,BAIRRO INEXISTENTE,BIKE,"2,00"
CD CFB 001,BÚZIOS,BAIRRO INEXISTENTE,BIKE,"2,00"
CD CFB 001,ARMAÇÃO DOS BÚZIOS,BAIRRO INEXISTENTE,BIKE,"2,00"
CD CFB 001,CASIMIRO DE ABREU,BAIRRO INEXISTENTE,BIKE,"2,00"
CD CPG 001,SÃO FRANCISCO DE ITABAPOANA,BAIRRO INEXISTENTE,BIKE,"1,40"
CD CPG 001,SÃO JOÃO DA BARRA,BAIRRO INEXISTENTE,BIKE,"1,40"
CD CPG 001,CAMPOS DOS GOYTACAZES,BAIRRO INEXISTENTE,BIKE,"1,40"
CD IPE 001,APERIBÉ,BAIRRO INEXISTENTE,BIKE,"1,40"
CD IPE 001,ITAOCARA,BAIRRO INEXISTENTE,BIKE,"1,40"
CD IPE 001,SANTO ANTÔNIO DE PÁDUA,BAIRRO INEXISTENTE,BIKE,"1,40"
CD IPE 001,CAMBUCI,BAIRRO INEXISTENTE,BIKE,"1,40"
CD IPE 001,SÃO FIDÉLIS,BAIRRO INEXISTENTE,BIKE,"1,40"
CD IPE 001,LAJE DO MURIAÉ,BAIRRO INEXISTENTE,BIKE,"1,40"
CD IPE 001,ITAPERUNA,BAIRRO INEXISTENTE,BIKE,"1,40"
CD IPE 001,MIRACEMA,BAIRRO INEXISTENTE,BIKE,"1,40"
CD IPE 001,NATIVIDADE,BAIRRO INEXISTENTE,BIKE,"1,40"
CD IPE 001,PORCIÚNCULA,BAIRRO INEXISTENTE,BIKE,"1,40"
CD IPE 001,VARRE-SAI,BAIRRO INEXISTENTE,BIKE,"1,40"
CD IPE 001,ARÉ,BAIRRO INEXISTENTE,BIKE,"2,10"
CD IPE 001,SÃO JOSÉ DE UBÁ,BAIRRO INEXISTENTE,BIKE,"1,40"
CD IPE 001,BOM JESUS DO ITABAPOANA,BAIRRO INEXISTENTE,BIKE,"1,40"
CD IPE 001,ITALVA,BAIRRO INEXISTENTE,BIKE,"1,40"
CD IPE 001,CARDOSO MOREIRA,BAIRRO INEXISTENTE,BIKE,"1,40"
CD ARR 001,ARARUAMA,BAIRRO INEXISTENTE,BIKE,"2,00"
CD ARR 001,SAQUAREMA,BAIRRO INEXISTENTE,BIKE,"2,00"
CD ARR 001,ARRAIAL DO CABO,BAIRRO INEXISTENTE,BIKE,"2,00"
CD ARR 001,IGUABA GRANDE,BAIRRO INEXISTENTE,BIKE,"2,00"
CD MAC 001,CARAPEBUS,BAIRRO INEXISTENTE,BIKE,"2,20"
CD MAC 001,QUISSAMÃ,BAIRRO INEXISTENTE,BIKE,"2,20"
CD MAC 001,CONCEIÇÃO DE MACABU,BAIRRO INEXISTENTE,BIKE,"2,20"
CD MAC 001,MACAÉ,BAIRRO INEXISTENTE,BIKE,"2,20"
CD BSF 001,BARRA DE SÃO FRANCISCO,BAIRRO INEXISTENTE,BIKE,"1,40"
CD CLN 001,ÁGUA DOCE DO NORTE,BAIRRO INEXISTENTE,BIKE,"1,40"
CD CLN 001,ÁGUIA BRANCA,BAIRRO INEXISTENTE,BIKE,"1,40"
CD CLN 001,ALTO RIO NOVO,BAIRRO INEXISTENTE,BIKE,"1,40"
CD CLN 001,BAIXO GUANDU,BAIRRO INEXISTENTE,BIKE,"1,40"
CD CLN 001,COLATINA,BAIRRO INEXISTENTE,BIKE,"1,40"
CD CLN 001,ECOPORANGA,BAIRRO INEXISTENTE,BIKE,"1,40"
CD CLN 001,GOVERNADOR LINDENBERG,BAIRRO INEXISTENTE,BIKE,"1,40"
CD CLN 001,ITAGUAÇU,BAIRRO INEXISTENTE,BIKE,"1,40"
CD CLN 001,ITARANA,BAIRRO INEXISTENTE,BIKE,"1,40"
CD CLN 001,MANTENÓPOLIS,BAIRRO INEXISTENTE,BIKE,"1,40"
CD CLN 001,MARILÂNDIA,BAIRRO INEXISTENTE,BIKE,"1,40"
CD CLN 001,PANCAS,BAIRRO INEXISTENTE,BIKE,"1,40"
CD CLN 001,SANTA MARIA DE JETIBÁ,BAIRRO INEXISTENTE,BIKE,"1,40"
CD CLN 001,SANTA TERESA,BAIRRO INEXISTENTE,BIKE,"1,40"
CD CLN 001,SÃO DOMINGOS DO NORTE,BAIRRO INEXISTENTE,BIKE,"1,40"
CD CLN 001,SÃO GABRIEL DA PALHA,BAIRRO INEXISTENTE,BIKE,"1,40"
CD CLN 001,SÃO ROQUE DO CANAÃ,BAIRRO INEXISTENTE,BIKE,"1,40"
CD CLN 001,VILA PAVÃO,BAIRRO INEXISTENTE,BIKE,"1,40"
CD CLN 001,VILA VALÉRIO,BAIRRO INEXISTENTE,BIKE,"1,40"
CD LIN 001,LINHARES,BAIRRO INEXISTENTE,BIKE,"1,40"
CD LIN 001,RIO BANANAL,BAIRRO INEXISTENTE,BIKE,"1,40"
CD LIN 001,SOORETAMA,BAIRRO INEXISTENTE,BIKE,"1,40"
CD ARC 001,ARACRUZ,BAIRRO INEXISTENTE,BIKE,"1,40"
CD ARC 001,IBIRAÇU,BAIRRO INEXISTENTE,BIKE,"1,40"
CD ARC 001,JOÃO NEIVA,BAIRRO INEXISTENTE,BIKE,"1,40"
CD CAR 001,CARIACICA,BAIRRO INEXISTENTE,BIKE,"1,40"
CD CAR 001,VIANA,BAIRRO INEXISTENTE,BIKE,"1,40"
CD CAR 001,VILA VELHA,BAIRRO INEXISTENTE,BIKE,"1,40"
CD CDC 001,AFONSO CLÁUDIO,BAIRRO INEXISTENTE,BIKE,"1,40"
CD CDC 001,BREJETUBA,BAIRRO INEXISTENTE,BIKE,"1,40"
CD CDC 001,CONCEIÇÃO DO CASTELO,BAIRRO INEXISTENTE,BIKE,"1,40"
CD CDC 001,IBATIBA,BAIRRO INEXISTENTE,BIKE,"1,40"
CD CDC 001,IRUPI,BAIRRO INEXISTENTE,BIKE,"1,40"
CD CDC 001,IÚNA,BAIRRO INEXISTENTE,BIKE,"1,40"
CD CDC 001,LARANJA DA TERRA,BAIRRO INEXISTENTE,BIKE,"1,40"
CD CDC 001,MUNIZ FREIRE,BAIRRO INEXISTENTE,BIKE,"1,40"
CD CDC 001,VENDA NOVA DO IMIGRANTE,BAIRRO INEXISTENTE,BIKE,"1,40"
CD CDI 001,ALEGRE,BAIRRO INEXISTENTE,BIKE,"1,40"
CD CDI 001,APIACÁ,BAIRRO INEXISTENTE,BIKE,"1,40"
CD CDI 001,ATÍLIO VIVÁCQUA,BAIRRO INEXISTENTE,BIKE,"1,40"
CD CDI 001,BOM JESUS DO NORTE,BAIRRO INEXISTENTE,BIKE,"1,40"
CD CDI 001,CACHOEIRO DE ITAPEMIRIM,BAIRRO INEXISTENTE,BIKE,"1,40"
CD CDI 001,CASTELO,BAIRRO INEXISTENTE,BIKE,"1,40"
CD CDI 001,DIVINO DE SÃO LOURENÇO,BAIRRO INEXISTENTE,BIKE,"1,40"
CD CDI 001,DORES DO RIO PRETO,BAIRRO INEXISTENTE,BIKE,"1,40"
CD CDI 001,GUAÇUÍ,BAIRRO INEXISTENTE,BIKE,"1,40"
CD CDI 001,IBITIRAMA,BAIRRO INEXISTENTE,BIKE,"1,40"
CD CDI 001,ITAPEMIRIM,BAIRRO INEXISTENTE,BIKE,"1,40"
CD CDI 001,JERÔNIMO MONTEIRO,BAIRRO INEXISTENTE,BIKE,"1,40"
CD CDI 001,MIMOSO DO SUL,BAIRRO INEXISTENTE,BIKE,"1,40"
CD CDI 001,MUQUI,BAIRRO INEXISTENTE,BIKE,"1,40"
CD CDI 001,PRESIDENTE KENNEDY,BAIRRO INEXISTENTE,BIKE,"1,40"
CD CDI 001,RIO NOVO DO SUL,BAIRRO INEXISTENTE,BIKE,"1,40"
CD CDI 001,SÃO JOSÉ DO CALÇADO,BAIRRO INEXISTENTE,BIKE,"1,40"
CD CDI 001,VARGEM ALTA,BAIRRO INEXISTENTE,BIKE,"1,40"
CD GPR 001,ALFREDO CHAVES,BAIRRO INEXISTENTE,BIKE,"1,40"
CD GPR 001,ANCHIETA,BAIRRO INEXISTENTE,BIKE,"1,40"
CD GPR 001,GUARAPARI,BAIRRO INEXISTENTE,BIKE,"1,40"
CD GPR 001,ICONHA,BAIRRO INEXISTENTE,BIKE,"1,40"
CD GPR 001,PIÚMA,BAIRRO INEXISTENTE,BIKE,"1,40"
CD MRT 001,MARATAÍZES,BAIRRO INEXISTENTE,BIKE,"1,40"
CD SMT 001,BOA ESPERANÇA,BAIRRO INEXISTENTE,BIKE,"1,40"
CD SMT 001,CONCEIÇÃO DA BARRA,BAIRRO INEXISTENTE,BIKE,"1,40"
CD SMT 001,JAGUARÉ,BAIRRO INEXISTENTE,BIKE,"1,40"
CD SMT 001,MONTANHA,BAIRRO INEXISTENTE,BIKE,"1,40"
CD SMT 001,MUCURICI,BAIRRO INEXISTENTE,BIKE,"1,40"
CD SMT 001,NOVA VENÉCIA,BAIRRO INEXISTENTE,BIKE,"1,40"
CD SMT 001,PEDRO CANÁRIO,BAIRRO INEXISTENTE,BIKE,"1,40"
CD SMT 001,PINHEIROS,BAIRRO INEXISTENTE,BIKE,"1,40"
CD SMT 001,PONTO BELO,BAIRRO INEXISTENTE,BIKE,"1,40"
CD SMT 001,SÃO MATEUS,BAIRRO INEXISTENTE,BIKE,"1,40"
CD SRR 001,DOMINGOS MARTINS,BAIRRO INEXISTENTE,BIKE,"1,40"
CD SRR 001,FUNDÃO,BAIRRO INEXISTENTE,BIKE,"1,40"
CD SRR 001,MARECHAL FLORIANO,BAIRRO INEXISTENTE,BIKE,"1,40"
CD SRR 001,SANTA LEOPOLDINA,BAIRRO INEXISTENTE,BIKE,"1,40"
CD SRR 001,SERRA,BAIRRO INEXISTENTE,BIKE,"1,40"
CD VIR 001,VITÓRIA,BAIRRO INEXISTENTE,BIKE,"1,40"
